name,hearts,pic,tier
Lee Min Ho,14094,https://i.mydramalist.com/kEpQwc.jpg,very popular
Lee Jong Suk,21065,https://i.mydramalist.com/eLBmQ_5c.jpg,very popular
Ji Chang Wook,17145,https://i.mydramalist.com/ZyyEJ_5c.jpg,very popular
Song Joong Ki,14810,https://i.mydramalist.com/1kymd_5c.jpg,very popular
Kim Soo Hyun,14528,https://i.mydramalist.com/WonJO_5c.jpg,very popular
Lee Joon Gi,12727,https://i.mydramalist.com/67r8d_5c.jpg,very popular
Kim Woo Bin,9482,https://i.mydramalist.com/RbYgo_5c.jpg,very popular
Kim Myung Soo,5966,https://i.mydramalist.com/w1l7J_5c.jpg,very popular
Kim Hyun Joong,3273,https://i.mydramalist.com/XKplxc.jpg,very popular
Jang Geun Suk,3978,https://i.mydramalist.com/rbpd2c.jpg,very popular
So Ji Sub,6763,https://i.mydramalist.com/p0pErc.jpg,very popular
Park Bo Gum,10962,https://i.mydramalist.com/p3Qx8_5c.jpg,very popular
Nam Joo Hyuk,12772,https://i.mydramalist.com/250rk_5c.jpg,very popular
Park Hae Jin,6032,https://i.mydramalist.com/kBpEr_5c.jpg,very popular
Jung Il Woo,4066,https://i.mydramalist.com/qd202_5c.jpg,very popular
Seo In Guk,10158,https://i.mydramalist.com/j64Ry_5c.jpg,very popular
Park Seo Joon,14887,https://i.mydramalist.com/j8meyc.jpg,very popular
Gong Yoo,11591,https://i.mydramalist.com/kwW2w_5c.jpg,very popular
Kim Bum,5136,https://i.mydramalist.com/vZxrW_5c.jpg,very popular
Yoo Seung Ho,7581,https://i.mydramalist.com/BDveR_5c.jpg,very popular
Rain,3270,https://i.mydramalist.com/Rm65g_5c.jpg,very popular
Ji Sung,7217,https://i.mydramalist.com/E55lEp_5c.jpg,very popular
Lee Dong Wook,12598,https://i.mydramalist.com/jQQJvv_5c.jpg,very popular
Park Hyung Sik,11705,https://i.mydramalist.com/EwXEO_5c.jpg,very popular
Sung Hoon,4223,https://i.mydramalist.com/xYb03c.jpg,very popular
Lee Seung Gi,7924,https://i.mydramalist.com/B3RRqc.jpg,very popular
Choi Min Ho,5083,https://i.mydramalist.com/2KqNd_5c.jpg,very popular
Lee Hyun Woo,4341,https://i.mydramalist.com/qbrYdc.jpg,very popular
Doh Kyung Soo,6512,https://i.mydramalist.com/43e46c.jpg,very popular
Jung Yong Hwa,3042,https://i.mydramalist.com/xRb6z_5c.jpg,very popular
Hyun Bin,7723,https://i.mydramalist.com/qAkLdc.jpg,very popular
Zo In Sung,3378,https://i.mydramalist.com/w8eqAc.jpg,very popular
Kim Ji Soo,6518,https://i.mydramalist.com/WzwB5_5c.jpg,very popular
Joo Won,2787,https://i.mydramalist.com/wrJg1_5c.jpg,very popular
Jo Jung Suk,4363,https://i.mydramalist.com/j8VlOc.jpg,very popular
Yook Sung Jae,5273,https://i.mydramalist.com/vpOAq_5c.jpg,very popular
Jang Hyuk,4273,https://i.mydramalist.com/01XN7c.jpg,very popular
Lee Kwang Soo,2816,https://i.mydramalist.com/w6PLY_5c.jpg,very popular
Seo Kang Joon,7169,https://i.mydramalist.com/rbPe2c.jpg,very popular
Namkoong Min,4619,https://i.mydramalist.com/kEQyOc.jpg,very popular
Ahn Jae Hyun,4521,https://i.mydramalist.com/dJjDW_5c.jpg,very popular
Choi Si Won,3428,https://i.mydramalist.com/pjkLDc.jpg,very popular
Lee Won Keun,2310,https://i.mydramalist.com/WoXxW_5c.jpg,very popular
Park Yoo Chun,1546,https://i.mydramalist.com/QXb5vc.jpg,very popular
Ok Taec Yeon,5189,https://i.mydramalist.com/eQwkY_5c.jpg,very popular
Park Chan Yeol,3588,https://i.mydramalist.com/EoQrl_5c.jpg,very popular
Noh Min Woo,1576,https://i.mydramalist.com/jo3KO_5c.jpg,very popular
Jung Kyung Ho,4006,https://i.mydramalist.com/EyqBz_5c.jpg,very popular
Kang Ha Neul,5097,https://i.mydramalist.com/0Kxmr_5c.jpg,very popular
Song Seung Heon,2699,https://i.mydramalist.com/02qdN_5c.jpg,very popular
Yoon Shi Yoon,4095,https://i.mydramalist.com/43zLwc.jpg,very popular
Kim Young Kwang,4014,https://i.mydramalist.com/QwnLg_5c.jpg,very popular
Yoo Ah In,4085,https://i.mydramalist.com/2WKrw_5c.jpg,very popular
Joo Sang Wook,1419,https://i.mydramalist.com/1gJlzc.jpg,very popular
Kim Jae Joong,1811,https://i.mydramalist.com/2ld4V_5c.jpg,very popular
Sung Joon,2532,https://i.mydramalist.com/kAzJmj_5c.jpg,very popular
Choi Jin Hyuk,3889,https://i.mydramalist.com/pb7nb_5c.jpg,very popular
Yeon Woo Jin,2116,https://i.mydramalist.com/1kOqy_5c.jpg,very popular
Yeo Jin Goo,5256,https://i.mydramalist.com/WKkL3_5c.jpg,very popular
Lee Hong Ki,2584,https://i.mydramalist.com/RdLVo_5c.jpg,very popular
Hong Jong Hyun,1958,https://i.mydramalist.com/vn118c.jpg,very popular
T.O.P,1914,https://i.mydramalist.com/ZldYW_5c.jpg,very popular
Park Shi Hoo,1007,https://i.mydramalist.com/2DjjVc.jpg,very popular
Song Jae Rim,1666,https://i.mydramalist.com/ZO6VW_5c.jpg,very popular
Lee Soo Hyuk,4505,https://i.mydramalist.com/k6VbO_5c.jpg,very popular
Lee Sang Yoon,1365,https://i.mydramalist.com/q8Zn8c.jpg,very popular
Kim Rae Won,1626,https://i.mydramalist.com/vEpkg_5c.jpg,very popular
Lee Sung Yeol,1161,https://i.mydramalist.com/pbZBy_5c.jpg,very popular
Joo Ji Hoon,2434,https://i.mydramalist.com/qJVnB_5c.jpg,very popular
Nam Woo Hyun,933,https://i.mydramalist.com/2qWZ7c.jpg,very popular
Kang Min Hyuk,1904,https://i.mydramalist.com/Xo0rX_5c.jpg,very popular
Shin  Won Ho,1058,https://i.mydramalist.com/B4jAq_5c.jpg,very popular
Song Il Gook,485,https://i.mydramalist.com/jnjVw_5c.jpg,very popular
Park Jin Young,4915,https://i.mydramalist.com/dvozdc.jpg,very popular
Ha Seok Jin,1537,https://i.mydramalist.com/4PmVd_5c.jpg,very popular
Lee Joon,2225,https://i.mydramalist.com/xLdjw_5c.jpg,very popular
Kwon Sang Woo,880,https://i.mydramalist.com/Rm22Y_5c.jpg,very popular
Jin Yi Han,779,https://i.mydramalist.com/68n8Kc.jpg,very popular
Yoon Kyun Sang,2245,https://i.mydramalist.com/j30Wz_5c.jpg,very popular
Cha Eun Woo,7838,https://i.mydramalist.com/ROkdP_5c.jpg,very popular
Kim Min Jae,4440,https://i.mydramalist.com/w7qyA_5c.jpg,very popular
Lee Je Hoon,4315,https://i.mydramalist.com/BzlmV_5c.jpg,very popular
Eric Mun,1096,https://i.mydramalist.com/5y5Jyc.jpg,very popular
Yim Si Wan,3699,https://i.mydramalist.com/QQJv2_5c.jpg,very popular
Byun Baek Hyun,2829,https://i.mydramalist.com/x4venr_5c.jpg,very popular
Jay B,1542,https://i.mydramalist.com/WgZBX_5c.jpg,very popular
Lee  Jong Hyun,1082,https://i.mydramalist.com/XbX8wc.jpg,very popular
Kai,2170,https://i.mydramalist.com/xpm7w_5c.jpg,very popular
Joo Jin Mo,781,https://i.mydramalist.com/2KKJ2_5c.jpg,very popular
Yoo Yeon Seok,3029,https://i.mydramalist.com/p31Py_5c.jpg,very popular
Lee Jin Wook,1592,https://i.mydramalist.com/jBpAB_5c.jpg,very popular
Kang Ji Hwan,575,https://i.mydramalist.com/j2rRbc.jpg,very popular
Jung Jin Young,2690,https://i.mydramalist.com/j821bc.jpg,very popular
Ji Jin Hee,1072,https://i.mydramalist.com/43jwQc.jpg,very popular
Ji Hyun Woo,1105,https://i.mydramalist.com/qjEyK_5c.jpg,very popular
Kim Jae Wook,4468,https://i.mydramalist.com/vdpP2c.jpg,very popular
Lee Min Hyuk,1104,https://i.mydramalist.com/p0ppyc.jpg,very popular
Choi  Tae Joon,2019,https://i.mydramalist.com/jbRmJ_5c.jpg,very popular
Kwak Dong Yeon,4902,https://i.mydramalist.com/vVy7e_5c.jpg,very popular
Im Joo Hwan,1322,https://i.mydramalist.com/k5jq8_5c.jpg,very popular
Kim Nam Gil,2059,https://i.mydramalist.com/x8mJ0_5c.jpg,very popular
Do Ji Han,1073,https://i.mydramalist.com/1gbkzc.jpg,very popular
Go Kyung Pyo,2512,https://i.mydramalist.com/qA2vBc.jpg,very popular
Lee Tae Hwan,1976,https://i.mydramalist.com/d0OAqW_5c.jpg,very popular
V,6409,https://i.mydramalist.com/wdOeY_5c.jpg,very popular
Kim Jae Won,549,https://i.mydramalist.com/dLlA0_5c.jpg,very popular
Lee Gi Kwang,1033,https://i.mydramalist.com/E3PxW_5c.jpg,very popular
Cha Seung Won,1993,https://i.mydramalist.com/kWkwdc.jpg,very popular
G-Dragon,1063,https://i.mydramalist.com/qR5d8_5c.jpg,very popular
Oh Se Hun,2152,https://i.mydramalist.com/60rxZK_5c.jpg,very popular
Cha Hak Yeon,1852,https://i.mydramalist.com/eB16Y_5c.jpg,very popular
Lee Dong Gun,711,https://i.mydramalist.com/4DVY1c.jpg,very popular
Ryu Joon Yeol,2416,https://i.mydramalist.com/dBNgb_5c.jpg,very popular
Lee Sang Woo,606,https://i.mydramalist.com/1Ljp3c.jpg,very popular
Lee Min Ki,3213,https://i.mydramalist.com/wE3Qp_5c.jpg,very popular
Hong Bin,1081,https://i.mydramalist.com/00ndYc.jpg,very popular
Yoon Sang Hyun,1113,https://i.mydramalist.com/dxN6W_5c.jpg,very popular
Suho,1782,https://i.mydramalist.com/rNeBXN_5c.jpg,very popular
Kim Min Seok,2584,https://i.mydramalist.com/0LVrK_5c.jpg,very popular
Xiumin,1240,https://i.mydramalist.com/E5vANQ_5c.jpg,very popular
Lee Jae Yoon,816,https://i.mydramalist.com/x2Wr3c.jpg,very popular
Kang Dong Won,1117,https://i.mydramalist.com/Z650W_5c.jpg,very popular
Jin Goo,1070,https://i.mydramalist.com/64JeXc.jpg,very popular
Go Soo,689,https://i.mydramalist.com/d3wYW_5c.jpg,very popular
Lee Jung Shin,1209,https://i.mydramalist.com/x17Yr_5c.jpg,very popular
Yoon Doo Joon,1467,https://i.mydramalist.com/RybJY_5c.jpg,very popular
Jung Jin Woon,839,https://i.mydramalist.com/Rq8yz_5c.jpg,very popular
Jung Woo Sung,767,https://i.mydramalist.com/2zEmO_5c.jpg,very popular
Gong Myung,1756,https://i.mydramalist.com/eBmNq_5c.jpg,very popular
Kim Tae Hwan,680,https://i.mydramalist.com/WmDXpc.jpg,very popular
Cha Tae Hyun,827,https://i.mydramalist.com/jO7J8_5c.jpg,very popular
Yoon Park,1439,https://i.mydramalist.com/XXJqq_5c.jpg,very popular
Won Bin,878,https://i.mydramalist.com/EWrOp_5c.jpg,very popular
Lee Dong Hae,920,https://i.mydramalist.com/QOZ46_5c.jpg,very popular
Lee Seo Jin,484,https://i.mydramalist.com/zvDe1c.jpg,very popular
Byun Yo Han,1011,https://i.mydramalist.com/jPLOB_5c.jpg,very popular
Kim Ji Hoon,1345,https://i.mydramalist.com/rXKp7_5c.jpg,very popular
Lee Tae Min,1191,https://i.mydramalist.com/64J2pc.jpg,very popular
Kwak Shi Yang,1149,https://i.mydramalist.com/xeApr_5c.jpg,very popular
Lee Byung Hun,1657,https://i.mydramalist.com/Erx2Qc.jpg,very popular
Kim Dong Jun,840,https://i.mydramalist.com/XD1dp_5c.jpg,very popular
U-Know,635,https://i.mydramalist.com/AzO13c.jpg,very popular
Lee Seo Won,681,https://i.mydramalist.com/XOYmZ_5c.jpg,very popular
Lee Ho Won,615,https://i.mydramalist.com/0wxBjr_5c.jpg,very popular
Shim Chang Min,571,https://i.mydramalist.com/QLnX5_5c.jpg,very popular
Jung Hae In,6984,https://i.mydramalist.com/Zy03k_5c.jpg,very popular
Kwon Yool,509,https://i.mydramalist.com/w3V08_5c.jpg,very popular
Yoon Hyun Min,1557,https://i.mydramalist.com/B450A_5c.jpg,very popular
Baek Sung Hyun,474,https://i.mydramalist.com/6jwk2_5c.jpg,very popular
Onew,981,https://i.mydramalist.com/0k65N_5c.jpg,very popular
Yeon Jung Hoon,537,https://i.mydramalist.com/2O3p7c.jpg,very popular
Ohn Joo Wan,471,https://i.mydramalist.com/pZ37V_5c.jpg,very popular
Lee Joon Hyuk,1517,https://i.mydramalist.com/QBg4A_5c.jpg,very popular
Jang Dong Gun,519,https://i.mydramalist.com/Lxm33c.jpg,very popular
Rowoon,4139,https://i.mydramalist.com/Zxn2j_5c.jpg,very popular
Shin Jae Ha,1062,https://i.mydramalist.com/E07m7_5c.jpg,very popular
Lee Jun Ho,4601,https://i.mydramalist.com/jQjpmd_5c.jpg,very popular
Chani,1156,https://i.mydramalist.com/E0mPm_5c.jpg,very popular
Lee Tae Ri,1109,https://i.mydramalist.com/1B8A6_5c.jpg,very popular
Kim Jung Hyun,2992,https://i.mydramalist.com/QVKxv_5c.jpg,very popular
Jang Ki Yong,4141,https://i.mydramalist.com/d026Dd_5c.jpg,very popular
Lee Pil Mo,484,https://i.mydramalist.com/6zwlW_5c.jpg,very popular
Yoon Kye Sang,630,https://i.mydramalist.com/QNZo7c.jpg,very popular
Lee Sang Yeob,1569,https://i.mydramalist.com/jZg8r_5c.jpg,very popular
Lee Sun Kyun,1482,https://i.mydramalist.com/472z1_5c.jpg,very popular
Yoo Ji Tae,1129,https://i.mydramalist.com/eeyxe_5c.jpg,very popular
Kim Jae Young,1792,https://i.mydramalist.com/kwWvv_5c.jpg,very popular
Kim Kang Woo,629,https://i.mydramalist.com/kdVAm_5c.jpg,very popular
Dong Ha,896,https://i.mydramalist.com/EQBd0_5c.jpg,very popular
Lee Ji Hoon,731,https://i.mydramalist.com/4N5lY_5c.jpg,very popular
Choi Daniel,793,https://i.mydramalist.com/qeVNP_5c.jpg,very popular
Kim Ji Suk,847,https://i.mydramalist.com/2PnbE_5c.jpg,very popular
Jang Woo Young,522,https://i.mydramalist.com/wJWX5k_5c.jpg,very popular
Cho Seung Woo,1583,https://i.mydramalist.com/QmdJ7c.jpg,very popular
Shin Sung Rok,1491,https://i.mydramalist.com/j50eO_5c.jpg,very popular
Park Ki Woong,639,https://i.mydramalist.com/jVw6zc.jpg,very popular
Key,1102,https://i.mydramalist.com/rA38D_5c.jpg,very popular
Kim Hee Chul,970,https://i.mydramalist.com/Q44vA_5c.jpg,very popular
Kim Sung Joo,754,https://i.mydramalist.com/WQ8ePc.jpg,very popular
Jang Dong Yoon,2239,https://i.mydramalist.com/R6Xvz_5c.jpg,very popular
Hwang Chan Sung,798,https://i.mydramalist.com/xl0ny_5c.jpg,very popular
Kang Tae Oh,2649,https://i.mydramalist.com/qv3mz_5c.jpg,very popular
Lee Ki Woo,593,https://i.mydramalist.com/2z3qR_5c.jpg,very popular
Kang Ki Young,2228,https://i.mydramalist.com/EeKV5_5c.jpg,very popular
Choi Won Young,1133,https://i.mydramalist.com/QBrn6_5c.jpg,very popular
Lee Yi Kyung,1513,https://i.mydramalist.com/2Z0zw_5c.jpg,very popular
Shin Ha Kyun,936,https://i.mydramalist.com/EN4dp_5c.jpg,very popular
Park Sung Woong,1249,https://i.mydramalist.com/Zvb4jc.jpg,very popular
Yang Se Jong,2550,https://i.mydramalist.com/1Z835_5c.jpg,very popular
Kim Sung Oh,770,https://i.mydramalist.com/27Jlkc.jpg,very popular
Ji  Il Joo,602,https://i.mydramalist.com/6qLYd_5c.jpg,very popular
Seo Ji Hoon,1466,https://i.mydramalist.com/xK7bqc.jpg,very popular
Ahn Woo Yeon,587,https://i.mydramalist.com/6d2Vd_5c.jpg,very popular
Kang Seung Yoon,644,https://i.mydramalist.com/1gWBzc.jpg,very popular
Son Seung Won,541,https://i.mydramalist.com/e5V3E_5c.jpg,very popular
Kim Myung Min,499,https://i.mydramalist.com/Wz3ml_5c.jpg,very popular
Lee Si Eon,739,https://i.mydramalist.com/kWqmdc.jpg,very popular
Sung Dong Il,1397,https://i.mydramalist.com/XOo6p_5c.jpg,very popular
David Lee,539,https://i.mydramalist.com/6Pl1K_5c.jpg,very popular
Jo Jin Woong,506,https://i.mydramalist.com/kOYmOc.jpg,very popular
Byun Joon Suk,43,https://i.mydramalist.com/zBdzec.jpg,not so popular
Park Eun Seok,540,https://i.mydramalist.com/ZP31q_5c.jpg,very popular
Kim Mu Yeol,518,https://i.mydramalist.com/pzODD_5c.jpg,very popular
Han Seok Kyu,650,https://i.mydramalist.com/B0e75c.jpg,very popular
Kim Dong Wook,1055,https://i.mydramalist.com/jdVzv_5c.jpg,very popular
Woo Do Hwan,5762,https://i.mydramalist.com/R1ybg_5c.jpg,very popular
Kim  Sang Ho,591,https://i.mydramalist.com/B3Vm1c.jpg,very popular
Uhm Ki Joon,531,https://i.mydramalist.com/jbrmO_5c.jpg,very popular
Hyung Won,480,https://i.mydramalist.com/woePg_5c.jpg,very popular
Son Ho Jun,955,https://i.mydramalist.com/BNjpR_5c.jpg,very popular
Nam  Da Reum ,2687,https://i.mydramalist.com/2jmR7_5c.jpg,very popular
Ahn Nae Sang,583,https://i.mydramalist.com/1g5nQc.jpg,very popular
Chen,720,https://i.mydramalist.com/BdrXD5_5c.jpg,very popular
Ahn Bo Hyun,2132,https://i.mydramalist.com/B6wPl_5c.jpg,very popular
Oh Jung Se,1248,https://i.mydramalist.com/j4o08c.jpg,very popular
Moon Bin,1209,https://i.mydramalist.com/qZAP8_5c.jpg,very popular
Lee Jung Jae,699,https://i.mydramalist.com/2zEwW_5c.jpg,very popular
Park Ji Bin,545,https://i.mydramalist.com/wqWRk_5c.jpg,very popular
Yoon Chan Young,1219,https://i.mydramalist.com/q4qg5_5c.jpg,very popular
Yoo  Joon Sang,531,https://i.mydramalist.com/ZN4EY_5c.jpg,very popular
Jo Jae Yoon,551,https://i.mydramalist.com/0d5kY_5c.jpg,very popular
Kim Min Gue,2976,https://i.mydramalist.com/W8VKm_5c.jpg,very popular
Yoon Jong Hoon,726,https://i.mydramalist.com/WZNNO_5c.jpg,very popular
Lee Tae Sun,550,https://i.mydramalist.com/wVAZAc.jpg,very popular
Jang  Woo Hyuk,37,https://i.mydramalist.com/EwvP7_5c.jpg,not so popular
Kim Jong Hyun,599,https://i.mydramalist.com/Bd7k1q_5c.jpg,very popular
Kim Won Hae,1428,https://i.mydramalist.com/pZryy_5c.jpg,very popular
Chang Jae,29,https://i.mydramalist.com/pdL6Vc.jpg,not so popular
Go Se Won,36,https://i.mydramalist.com/pgOdn_5c.jpg,not so popular
Moon Yong Suk,40,https://i.mydramalist.com/B4OqV_5c.jpg,not so popular
Shin Hyun Tak,6,https://i.mydramalist.com/xz0zy_5c.jpg,not so popular
Park Hee Soon ,498,https://i.mydramalist.com/kWLmrc.jpg,very popular
Park Kwang Hyun,39,https://i.mydramalist.com/6LzKdc.jpg,not so popular
Jang Seung Jo,1053,https://i.mydramalist.com/p54Xn_5c.jpg,very popular
Ryu Shi Won,16,https://i.mydramalist.com/x4NWqc.jpg,not so popular
Song Kang Ho,609,https://i.mydramalist.com/RZ60Ec.jpg,very popular
Lee Jae Hwang,16,https://i.mydramalist.com/XB1zx_5c.jpg,not so popular
Kim Seon Ho,4519,https://i.mydramalist.com/p3LJD_5c.jpg,very popular
Lee Hak Joo,540,https://i.mydramalist.com/do6KDc.jpg,very popular
Kim Min Soo,37,https://i.mydramalist.com/p32Rr_5c.jpg,not so popular
Na In Woo,881,https://i.mydramalist.com/kdwOO_5c.jpg,very popular
Lee Joo Hyun,30,https://i.mydramalist.com/2DYNPc.jpg,not so popular
Jang Soo Won,31,https://i.mydramalist.com/vyZD8c.jpg,not so popular
Choi Young Jae,587,https://i.mydramalist.com/j6z5w_5c.jpg,very popular
Jung Hee Chul,31,https://i.mydramalist.com/d0Ow8A_5c.jpg,not so popular
Yoo Jae Suk,536,https://i.mydramalist.com/Bdr2Nq_5c.jpg,very popular
Choi Chang Yeob,43,https://i.mydramalist.com/VBV3Oc.jpg,not so popular
Im Chang Jung,28,https://i.mydramalist.com/eYwjmn_5c.jpg,not so popular
Song Se Hyun,24,https://i.mydramalist.com/6En0p_5c.jpg,not so popular
Jo  Min Ki,27,https://i.mydramalist.com/kkJVrc.jpg,not so popular
Kim Jung San,23,https://i.mydramalist.com/B8Jj7_5c.jpg,not so popular
Lee Seung Hyo,42,https://i.mydramalist.com/Zo7Ykc.jpg,not so popular
Lee Yong Woo,35,https://i.mydramalist.com/XJEnZ_5c.jpg,not so popular
Kim Do Jin,27,https://i.mydramalist.com/QxWKW_5c.jpg,not so popular
Heo Young Saeng,41,https://i.mydramalist.com/2wmQLV_5c.jpg,not so popular
Jo Kye Hyung,17,https://i.mydramalist.com/6OYgP_5c.jpg,not so popular
Kim Chang Hwan,29,https://i.mydramalist.com/jQebOc.jpg,not so popular
Sean Richard ,42,https://i.mydramalist.com/eQJkq_5c.jpg,not so popular
Lee Joong Moon,38,https://i.mydramalist.com/eZr0E_5c.jpg,not so popular
Im Ho,31,https://i.mydramalist.com/2xv6dc.jpg,not so popular
Lee Hae Woo,30,https://i.mydramalist.com/6272Wc.jpg,not so popular
Chun Bo Geun,19,https://i.mydramalist.com/1wZPRc.jpg,not so popular
Kim Yoo Suk,34,https://i.mydramalist.com/2Ldz7_5c.jpg,not so popular
No Min Woo,40,https://i.mydramalist.com/GWR85c.jpg,not so popular
Kim Jin Sung,31,https://i.mydramalist.com/jllVvc.jpg,not so popular
Kim Kwon,726,https://i.mydramalist.com/47rKY_5c.jpg,very popular
Park Jae Min,16,https://i.mydramalist.com/EQK4m_5c.jpg,not so popular
Maeng  Se Chang,39,https://i.mydramalist.com/9oOdzc.jpg,not so popular
Jo Yeon Woo,28,https://i.mydramalist.com/Y3vLPc.jpg,not so popular
Kim Sung Min,19,https://i.mydramalist.com/MXBPqc.jpg,not so popular
Wang Seok Hyun,40,https://i.mydramalist.com/r5VEjc.jpg,not so popular
Park Yong Woo,42,https://i.mydramalist.com/QJyx4c.jpg,not so popular
Kim Suk Hoon,8,https://i.mydramalist.com/ExNBmc.jpg,not so popular
Park Jae Jung,30,https://i.mydramalist.com/vXE8ec.jpg,not so popular
Park Jung Chul,15,https://i.mydramalist.com/6A1AP_5c.jpg,not so popular
Choi Min Yong,22,https://i.mydramalist.com/96zlpc.jpg,not so popular
Park Shi Jin,27,https://i.mydramalist.com/5QBEAc.jpg,not so popular
Joo In Chul,3,https://i.mydramalist.com/kvyerc.jpg,not so popular
Ryu Tae Joon,19,https://i.mydramalist.com/PxjZ3c.jpg,not so popular
Yoo Seung Won,22,https://i.mydramalist.com/kVdYwc.jpg,not so popular
Jung Hae Won,33,https://i.mydramalist.com/pzJjE_5c.jpg,not so popular
Kim Kang Hoon,579,https://i.mydramalist.com/XJ6qq_5c.jpg,very popular
Kim Tae Hyung,1,https://i.mydramalist.com/N7gnyc.jpg,not so popular
Choi Woo Hyeok,33,https://i.mydramalist.com/MABVvc.jpg,not so popular
Hoon,41,https://i.mydramalist.com/qb8y2c.jpg,not so popular
Park Sang Won,41,https://i.mydramalist.com/Z00Ekc.jpg,not so popular
Kim Dong Yoon,43,https://i.mydramalist.com/BnDNA_5c.jpg,not so popular
Hwang Dong Joo,26,https://i.mydramalist.com/WoJyO_5c.jpg,not so popular
Wi Ji Woong,6,https://i.mydramalist.com/xnozN_5c.jpg,not so popular
Jung Sung Woon,9,https://i.mydramalist.com/MdY2dc.jpg,not so popular
Choi Chul Ho,38,https://i.mydramalist.com/qqVZPc.jpg,not so popular
Kim Ji Hoo,5,https://i.mydramalist.com/JBEYlc.jpg,not so popular
Kim Nam Jin,21,https://i.mydramalist.com/Rll5o_5c.jpg,not so popular
Kim Choi Yong Joon,15,https://i.mydramalist.com/Nd0JWc.jpg,not so popular
Jo In Woo,19,https://i.mydramalist.com/X2njZc.jpg,not so popular
Kim Min Kyo,43,https://i.mydramalist.com/QK4rgc.jpg,not so popular
Lee Jong Soo,22,https://i.mydramalist.com/1g6Kzc.jpg,not so popular
Lee Young Hoon,43,https://i.mydramalist.com/DxV1Dc.jpg,not so popular
Kim Gun Woo,1,https://i.mydramalist.com/GljOEc.jpg,not so popular
Woo Jung Kook,10,https://i.mydramalist.com/2kX7P_5c.jpg,not so popular
Choi Phillip,14,https://i.mydramalist.com/XdQzpc.jpg,not so popular
Kang Pil Sun,30,https://i.mydramalist.com/xOrXj_5c.jpg,not so popular
Joo Yeon Woo,27,https://i.mydramalist.com/0b6N7c.jpg,not so popular
Park Geun Hyung,43,https://i.mydramalist.com/BDO46_5c.jpg,not so popular
Shin Ji Hoon,25,https://i.mydramalist.com/LBERBc.jpg,not so popular
Won Ki Joon,12,https://i.mydramalist.com/eojrnc.jpg,not so popular
Lee Ki Seop,33,https://i.mydramalist.com/BLkxl_5c.jpg,not so popular
Gu Seung Hyun,33,https://i.mydramalist.com/0pE5rc.jpg,not so popular
Hong Hyun Taek,42,https://i.mydramalist.com/Q0Z44c.jpg,not so popular
Baek Jong Min,14,https://i.mydramalist.com/GLNx5c.jpg,not so popular
Ahn Hyung Joon,19,https://i.mydramalist.com/DyVn2c.jpg,not so popular
Park Jong Chan,1,https://i.mydramalist.com/WPJyXp_5c.jpg,not so popular
Jung Ho Bin,32,https://i.mydramalist.com/O8vYPc.jpg,not so popular
Kang  Eui Shik,26,https://i.mydramalist.com/qqXj0c.jpg,not so popular
Sung Chang Hoon,24,https://i.mydramalist.com/Eyw6O_5c.jpg,not so popular
Park  Sang Min,24,https://i.mydramalist.com/GPnO3c.jpg,not so popular
Lee Chang Hoon,7,https://i.mydramalist.com/yEYqdc.jpg,not so popular
Song Kang,4922,https://i.mydramalist.com/X5ABJ_5c.jpg,very popular
B-Bomb,41,https://i.mydramalist.com/RB2Xqo_5c.jpg,not so popular
Lee Hyung Chul,23,https://i.mydramalist.com/XBAbJ_5c.jpg,not so popular
Baek Do Bin,11,https://i.mydramalist.com/aeY2pc.jpg,not so popular
Ryu Sang Wook,25,https://i.mydramalist.com/v5YY2_5c.jpg,not so popular
Go Hyun,14,https://i.mydramalist.com/YAVloc.jpg,not so popular
Jang Sung Won,20,https://i.mydramalist.com/nE7Y8c.jpg,not so popular
Kwon Hae Sung,38,https://i.mydramalist.com/Xe1Bqc.jpg,not so popular
Lee Yong Joo,28,https://i.mydramalist.com/JkrEoc.jpg,not so popular
Han Ki  Won,43,https://i.mydramalist.com/rqkwyc.jpg,not so popular
Ahn Jae Mo,15,https://i.mydramalist.com/ZoWvkc.jpg,not so popular
Gu Hyun Ho,6,https://i.mydramalist.com/2wwgXO_5c.jpg,not so popular
Park Jong Hoon,14,https://i.mydramalist.com/QP0jY_5c.jpg,not so popular
Yoo Jun,633,https://i.mydramalist.com/6Kq2O_5c.jpg,very popular
Byun Woo Min,35,https://i.mydramalist.com/R48pR_5c.jpg,not so popular
Yeo Ho Min,15,https://i.mydramalist.com/Dknwrc.jpg,not so popular
Bae Jin Woong,7,https://i.mydramalist.com/E2mwQc.jpg,not so popular
Choi Young Min,18,https://i.mydramalist.com/lynpJc.jpg,not so popular
Jang Gi Ha,8,https://i.mydramalist.com/26Wj2_5c.jpg,not so popular
Jung Heon,31,https://i.mydramalist.com/dlAeb_5c.jpg,not so popular
Kim Ian,30,https://i.mydramalist.com/50opYc.jpg,not so popular
Sun Woo Jae Duk,22,https://i.mydramalist.com/BN82A_5c.jpg,not so popular
Kang Da Bin,37,https://i.mydramalist.com/jV1Qrc.jpg,not so popular
Kwon  Tae Ho,4,https://i.mydramalist.com/G1n6Rc.jpg,not so popular
Lee Hoon,14,https://i.mydramalist.com/6Ln1Xc.jpg,not so popular
Lomon,1309,https://i.mydramalist.com/kA0exO_5c.jpg,very popular
Jo Sung Mok,25,https://i.mydramalist.com/YAnXoc.jpg,not so popular
Yoon Da Hoon,14,https://i.mydramalist.com/BZK6A_5c.jpg,not so popular
Im Hyung Joon,19,https://i.mydramalist.com/jQj27w_5c.jpg,not so popular
Jun Jin,29,https://i.mydramalist.com/wJW2Bn_5c.jpg,not so popular
Lee Min Woo,18,https://i.mydramalist.com/pPyYy_5c.jpg,not so popular
Jo Seung Hyun,42,https://i.mydramalist.com/zBjVec.jpg,not so popular
Chun Jae Ho,4,https://i.mydramalist.com/RenZYc.jpg,not so popular
Im Kang Sung,31,https://i.mydramalist.com/1ze73_5c.jpg,not so popular
Jung Won Joong,36,https://i.mydramalist.com/BE5JR_5c.jpg,not so popular
Baek Jong Won,19,https://i.mydramalist.com/1vrqRc.jpg,not so popular
Choi Min Chul,37,https://i.mydramalist.com/AvLQLc.jpg,not so popular
Heo Tae Hee,13,https://i.mydramalist.com/Ez5Pz_5c.jpg,not so popular
Park Shin Woo,30,https://i.mydramalist.com/xx0AX_5c.jpg,not so popular
Lee Jung Gil,24,https://i.mydramalist.com/nEEL2c.jpg,not so popular
Lee Ji Oh,6,https://i.mydramalist.com/9O6ddc.jpg,not so popular
Choi Jae Hwan,29,https://i.mydramalist.com/BgWdl_5c.jpg,not so popular
Kim  Gyu Chul,15,https://i.mydramalist.com/rmynpc.jpg,not so popular
Son Ji Chang,1,https://i.mydramalist.com/1w7kRc.jpg,not so popular
Noh Tae Yeob,35,https://i.mydramalist.com/E2PZ5c.jpg,not so popular
Yoo Ha Joon,38,https://i.mydramalist.com/Arm5Zc.jpg,not so popular
Kim Young Joon,8,https://i.mydramalist.com/VBngmc.jpg,not so popular
Hong Kyung Min,25,https://i.mydramalist.com/RBYKJV_5c.jpg,not so popular
Kim Seung Wook,24,https://i.mydramalist.com/pz88V_5c.jpg,not so popular
Kim Byung Se,18,https://i.mydramalist.com/g2lXPc.jpg,not so popular
Kwon Hyuk Soo,43,https://i.mydramalist.com/BDXeV_5c.jpg,not so popular
Lee Ho,15,https://i.mydramalist.com/K7PmRc.jpg,not so popular
Lee Jae Woo,40,https://i.mydramalist.com/eoJnqc.jpg,not so popular
Kim Jae Seung,24,https://i.mydramalist.com/GqY4zc.jpg,not so popular
Hwang Ji Hoo,3,https://i.mydramalist.com/wOqdAc.jpg,not so popular
Son Ho Young,15,https://i.mydramalist.com/B3YgAc.jpg,not so popular
Choi Kwon,18,https://i.mydramalist.com/eWEye_5c.jpg,not so popular
Jang Seo Won,37,https://i.mydramalist.com/MB0Y1c.jpg,not so popular
Jeon Shin Hwan,35,https://i.mydramalist.com/72bdec.jpg,not so popular
Cha Seung Joon,11,https://i.mydramalist.com/anXqNc.jpg,not so popular
Choi Dong Goo,43,https://i.mydramalist.com/ONpPPc.jpg,not so popular
Kang Kyun Sung,19,https://i.mydramalist.com/wnn5pc.jpg,not so popular
Lee Jung,3,https://i.mydramalist.com/eomOnc.jpg,not so popular
Baek Hyun,19,https://i.mydramalist.com/WnVmPc.jpg,not so popular
Shin Ji Ho,22,https://i.mydramalist.com/ByneR_5c.jpg,not so popular
Lee Byung Wook,5,https://i.mydramalist.com/2WlqO_5c.jpg,not so popular
Kim Byung Chun,27,https://i.mydramalist.com/ZqYOq_5c.jpg,not so popular
Eun Won Jae,4,https://i.mydramalist.com/9OBpPc.jpg,not so popular
Andy,38,https://i.mydramalist.com/VX20Oc.jpg,not so popular
Kim Hyun Sung,8,https://i.mydramalist.com/aVBwQc.jpg,not so popular
Baek Seung Hyun,14,https://i.mydramalist.com/Xb0Vnc.jpg,not so popular
Kang Han Byul,10,https://i.mydramalist.com/1wd1d3_5c.jpg,not so popular
Kim Won Joon,36,https://i.mydramalist.com/R0N1zc.jpg,not so popular
Kim Dan Yool,31,https://i.mydramalist.com/rkdrpc.jpg,not so popular
Kim Ho Jin,6,https://i.mydramalist.com/Zo7Zqc.jpg,not so popular
Jo Yi Hyun,28,https://i.mydramalist.com/kLm3k_5c.jpg,not so popular
Kwon Young Min,17,https://i.mydramalist.com/4q6V1_5c.jpg,not so popular
Gong Hyung Jin,23,https://i.mydramalist.com/xYWRjc.jpg,not so popular
Baek  Yoon Shik,36,https://i.mydramalist.com/XBEwg_5c.jpg,not so popular
Kim Hyung Beom,13,https://i.mydramalist.com/rzPo2_5c.jpg,not so popular
Jo Hwi Joon,15,https://i.mydramalist.com/JppXdc.jpg,not so popular
Yoon Jong Hwa,23,https://i.mydramalist.com/wKWrJc.jpg,not so popular
Kim  Ji Soo,6,https://i.mydramalist.com/MBrAzc.jpg,not so popular
Go Nak Hyun,9,https://i.mydramalist.com/73g3Nc.jpg,not so popular
Kim Min Ki,11,https://i.mydramalist.com/Bg3ob_5c.jpg,not so popular
Choi Jae Sung,34,https://i.mydramalist.com/4qK2Q_5c.jpg,not so popular
Kim Kwang  Soo,14,https://i.mydramalist.com/eR1XYc.jpg,not so popular
Ahn Sung Ki,40,https://i.mydramalist.com/XB23d_5c.jpg,not so popular
Kang  Suk Woo,25,https://i.mydramalist.com/0wjJkc.jpg,not so popular
Yoon Seo Hyun,27,https://i.mydramalist.com/e3PDnc.jpg,not so popular
Kim Hee Joon,5,https://i.mydramalist.com/yW73Nc.jpg,not so popular
Heo Dong Won,42,https://i.mydramalist.com/0gk2O_5c.jpg,not so popular
Lee Jae Ryong,9,https://i.mydramalist.com/p0ZvBc.jpg,not so popular
Jang Yong,19,https://i.mydramalist.com/NdQ2yc.jpg,not so popular
Jung Sung Hwa,10,https://i.mydramalist.com/646JXc.jpg,not so popular
Jang Won Young,42,https://i.mydramalist.com/pPylE_5c.jpg,not so popular
Bae Gun Woo,13,https://i.mydramalist.com/45oL6c.jpg,not so popular
Ahn Jae Min,6,https://i.mydramalist.com/j4jerc.jpg,not so popular
Je Dong Hwa,2,https://i.mydramalist.com/q28Jdc.jpg,not so popular
Shin Min Chul,12,https://i.mydramalist.com/Z1z6Yc.jpg,not so popular
Juno,17,https://i.mydramalist.com/m0ePJc.jpg,not so popular
Han Ji Hoo,13,https://i.mydramalist.com/anEDxc.jpg,not so popular
Lee  Seung Ho ,36,https://i.mydramalist.com/yWYx6c.jpg,not so popular
Shin Seung Hwan,43,https://i.mydramalist.com/oERJxc.jpg,not so popular
Han Ye Joon,16,https://i.mydramalist.com/5mvd0c.jpg,not so popular
Shin Soo Hyun,15,https://i.mydramalist.com/jQjWJb_5c.jpg,not so popular
Sul Sung Min,3,https://i.mydramalist.com/lBN1xc.jpg,not so popular
Kim Hyo Seok,10,https://i.mydramalist.com/d0OwbK_5c.jpg,not so popular
Yeom Hyun Joon,4,https://i.mydramalist.com/rwpoZ_5c.jpg,not so popular
Kim Byung Man,33,https://i.mydramalist.com/Z8z1NW_5c.jpg,not so popular
Nam Myung Ryul,41,https://i.mydramalist.com/4rYJZ_5c.jpg,not so popular
Lee Shin Sung,16,https://i.mydramalist.com/x2KeEc.jpg,not so popular
Jeon Hyun Soo,5,https://i.mydramalist.com/8xP4Dc.jpg,not so popular
Go Yoon Hoo,5,https://i.mydramalist.com/ZWzRk_5c.jpg,not so popular
Hwang Joo Won,18,https://i.mydramalist.com/Xdxdqc.jpg,not so popular
Kim Dong Gyun,12,https://i.mydramalist.com/Y0jlAc.jpg,not so popular
Lee Jeong Min,19,https://i.mydramalist.com/GNOXvc.jpg,not so popular
Han Ji Sang,18,https://i.mydramalist.com/OxLJYc.jpg,not so popular
Cho Byeong Kyu,1439,https://i.mydramalist.com/XNAxO_5c.jpg,very popular
Heo Ji Woong,14,https://i.mydramalist.com/xgqxEc.jpg,not so popular
Yoo Byung Jae,41,https://i.mydramalist.com/pOObVc.jpg,not so popular
Gree,13,https://i.mydramalist.com/Z4Ao7c.jpg,not so popular
Yoon Yong Hyun,16,https://i.mydramalist.com/qbOb0c.jpg,not so popular
Jang Tae Hoon,19,https://i.mydramalist.com/EwWo0_5c.jpg,not so popular
Jo Jae Ryong,30,https://i.mydramalist.com/wNry1_5c.jpg,not so popular
Yang Joo Ho,34,https://i.mydramalist.com/ZBlKk_5c.jpg,not so popular
Yang Han Yeol,34,https://i.mydramalist.com/E3Wob_5c.jpg,not so popular
Tony Ahn,40,https://i.mydramalist.com/dK6qd_5c.jpg,not so popular
Park Sung Hoon,811,https://i.mydramalist.com/1xgAQ_5c.jpg,very popular
Choi Kwon Soo,26,https://i.mydramalist.com/WeJZO_5c.jpg,not so popular
Gil Yong Woo,18,https://i.mydramalist.com/L2bRLc.jpg,not so popular
Kim Jun Ho,35,https://i.mydramalist.com/rNe0Wy_5c.jpg,not so popular
Lee Hyung Suk,14,https://i.mydramalist.com/dlnOb_5c.jpg,not so popular
Choi Jong Won,21,https://i.mydramalist.com/xxVpq_5c.jpg,not so popular
Kim Young Choon,23,https://i.mydramalist.com/rb2Rgc.jpg,not so popular
Choi Ji Ho,30,https://i.mydramalist.com/E5p7zc.jpg,not so popular
Choi Won Joon,3,https://i.mydramalist.com/zvyXPc.jpg,not so popular
Choi Bool Am,30,https://i.mydramalist.com/p15wE_5c.jpg,not so popular
Chang Min,30,https://i.mydramalist.com/1gzK7c.jpg,not so popular
Ahn Jung Hoon,9,https://i.mydramalist.com/rz50N_5c.jpg,not so popular
Jung Dong Hyun,4,https://i.mydramalist.com/4kKwKc.jpg,not so popular
Min Chan Ki,29,https://i.mydramalist.com/EYAW7c.jpg,not so popular
Lee Seung Hyung,31,https://i.mydramalist.com/RB5pVc.jpg,not so popular
Shin Ki Joon,40,https://i.mydramalist.com/wnpLNc.jpg,not so popular
Park Hae Soo,894,https://i.mydramalist.com/4WAbd_5c.jpg,very popular
Lee In,7,https://i.mydramalist.com/Rdmdz_5c.jpg,not so popular
Yang Seung Pil,16,https://i.mydramalist.com/45x5Zc.jpg,not so popular
Nam Seung Woo,20,https://i.mydramalist.com/B2vzbc.jpg,not so popular
Son Beom Joon,15,https://i.mydramalist.com/Ek70mc.jpg,not so popular
Kim Hak Jin,1,https://i.mydramalist.com/3vPwRc.jpg,not so popular
Jung Woo Shik,11,https://i.mydramalist.com/y6oQBc.jpg,not so popular
Park Young Soo,40,https://i.mydramalist.com/ZqP8O_5c.jpg,not so popular
Jang Hee Woong,14,https://i.mydramalist.com/xgLnzc.jpg,not so popular
Park Jung Hak,31,https://i.mydramalist.com/4pvD6c.jpg,not so popular
Kang Soo Han,10,https://i.mydramalist.com/XEvgx_5c.jpg,not so popular
Kim Sung  Je,22,https://i.mydramalist.com/kE18gc.jpg,not so popular
Im Hyun Shik,26,https://i.mydramalist.com/RQKLo_5c.jpg,not so popular
Yeon Je Wook,40,https://i.mydramalist.com/ZBpqL_5c.jpg,not so popular
Song Yong Jin,18,https://i.mydramalist.com/XmOzx_5c.jpg,not so popular
Cha Kwang Soo,13,https://i.mydramalist.com/RR0LV_5c.jpg,not so popular
Park Sang Wook,14,https://i.mydramalist.com/VKrKzc.jpg,not so popular
Kang Han Saem,16,https://i.mydramalist.com/prZwb_5c.jpg,not so popular
Kim Seung Pil,2,https://i.mydramalist.com/JBxkmc.jpg,not so popular
Jung Sung Mo,14,https://i.mydramalist.com/nKzOEc.jpg,not so popular
Jung Joon,7,https://i.mydramalist.com/B3E85c.jpg,not so popular
Yoon Yong Joon,26,https://i.mydramalist.com/Z318jc.jpg,not so popular
Choi Sang Hoon,5,https://i.mydramalist.com/QlmqW_5c.jpg,not so popular
Kim Chung Soon,1,https://i.mydramalist.com/5QZkec.jpg,not so popular
Yang Young Jo,1,https://i.mydramalist.com/qqK00c.jpg,not so popular
Ajoo,9,https://i.mydramalist.com/gO16vc.jpg,not so popular
Lee Jung Hoon,1,https://i.mydramalist.com/rqYyyc.jpg,not so popular
Son Seong Jun,26,https://i.mydramalist.com/ZeDx8_5c.jpg,not so popular
Cha Hyun Woo,4,https://i.mydramalist.com/WrEjRc.jpg,not so popular
