name,hearts,pic
Lee Min Ho,14094,https://i.mydramalist.com/kEpQwc.jpg
Lee Jong Suk,21065,https://i.mydramalist.com/eLBmQ_5c.jpg
Ji Chang Wook,17145,https://i.mydramalist.com/ZyyEJ_5c.jpg
Song Joong Ki,14810,https://i.mydramalist.com/1kymd_5c.jpg
Kim Soo Hyun,14528,https://i.mydramalist.com/WonJO_5c.jpg
Lee Joon Gi,12727,https://i.mydramalist.com/67r8d_5c.jpg
Kim Woo Bin,9482,https://i.mydramalist.com/RbYgo_5c.jpg
Kim Myung Soo,5966,https://i.mydramalist.com/w1l7J_5c.jpg
Kim Hyun Joong,3273,https://i.mydramalist.com/XKplxc.jpg
Jang Geun Suk,3978,https://i.mydramalist.com/rbpd2c.jpg
So Ji Sub,6763,https://i.mydramalist.com/p0pErc.jpg
Park Bo Gum,10962,https://i.mydramalist.com/p3Qx8_5c.jpg
Nam Joo Hyuk,12772,https://i.mydramalist.com/250rk_5c.jpg
Park Hae Jin,6032,https://i.mydramalist.com/kBpEr_5c.jpg
Jung Il Woo,4066,https://i.mydramalist.com/qd202_5c.jpg
Seo In Guk,10158,https://i.mydramalist.com/j64Ry_5c.jpg
Park Seo Joon,14887,https://i.mydramalist.com/j8meyc.jpg
Gong Yoo,11591,https://i.mydramalist.com/kwW2w_5c.jpg
Kim Bum,5136,https://i.mydramalist.com/vZxrW_5c.jpg
Yoo Seung Ho,7581,https://i.mydramalist.com/BDveR_5c.jpg
Rain,3270,https://i.mydramalist.com/Rm65g_5c.jpg
Ji Sung,7217,https://i.mydramalist.com/E55lEp_5c.jpg
Lee Dong Wook,12598,https://i.mydramalist.com/jQQJvv_5c.jpg
Park Hyung Sik,11705,https://i.mydramalist.com/EwXEO_5c.jpg
Sung Hoon,4223,https://i.mydramalist.com/xYb03c.jpg
Lee Seung Gi,7924,https://i.mydramalist.com/B3RRqc.jpg
Choi Min Ho,5083,https://i.mydramalist.com/2KqNd_5c.jpg
Lee Hyun Woo,4341,https://i.mydramalist.com/qbrYdc.jpg
Doh Kyung Soo,6512,https://i.mydramalist.com/43e46c.jpg
Jung Yong Hwa,3042,https://i.mydramalist.com/xRb6z_5c.jpg
Hyun Bin,7723,https://i.mydramalist.com/qAkLdc.jpg
Zo In Sung,3378,https://i.mydramalist.com/w8eqAc.jpg
Kim Ji Soo,6518,https://i.mydramalist.com/WzwB5_5c.jpg
Joo Won,2787,https://i.mydramalist.com/wrJg1_5c.jpg
Jo Jung Suk,4363,https://i.mydramalist.com/j8VlOc.jpg
Yook Sung Jae,5273,https://i.mydramalist.com/vpOAq_5c.jpg
Jang Hyuk,4273,https://i.mydramalist.com/01XN7c.jpg
Lee Kwang Soo,2816,https://i.mydramalist.com/w6PLY_5c.jpg
Seo Kang Joon,7169,https://i.mydramalist.com/rbPe2c.jpg
Namkoong Min,4619,https://i.mydramalist.com/kEQyOc.jpg
Ahn Jae Hyun,4521,https://i.mydramalist.com/dJjDW_5c.jpg
Choi Si Won,3428,https://i.mydramalist.com/pjkLDc.jpg
Lee Won Keun,2310,https://i.mydramalist.com/WoXxW_5c.jpg
Park Yoo Chun,1546,https://i.mydramalist.com/QXb5vc.jpg
Ok Taec Yeon,5189,https://i.mydramalist.com/eQwkY_5c.jpg
Park Chan Yeol,3588,https://i.mydramalist.com/EoQrl_5c.jpg
Noh Min Woo,1576,https://i.mydramalist.com/jo3KO_5c.jpg
Jung Kyung Ho,4006,https://i.mydramalist.com/EyqBz_5c.jpg
Kang Ha Neul,5097,https://i.mydramalist.com/0Kxmr_5c.jpg
Song Seung Heon,2699,https://i.mydramalist.com/02qdN_5c.jpg
Yoon Shi Yoon,4095,https://i.mydramalist.com/43zLwc.jpg
Kim Young Kwang,4014,https://i.mydramalist.com/QwnLg_5c.jpg
Yoo Ah In,4085,https://i.mydramalist.com/2WKrw_5c.jpg
Joo Sang Wook,1419,https://i.mydramalist.com/1gJlzc.jpg
Kim Jae Joong,1811,https://i.mydramalist.com/2ld4V_5c.jpg
Sung Joon,2532,https://i.mydramalist.com/kAzJmj_5c.jpg
Choi Jin Hyuk,3889,https://i.mydramalist.com/pb7nb_5c.jpg
Yeon Woo Jin,2116,https://i.mydramalist.com/1kOqy_5c.jpg
Yeo Jin Goo,5256,https://i.mydramalist.com/WKkL3_5c.jpg
Lee Hong Ki,2584,https://i.mydramalist.com/RdLVo_5c.jpg
Hong Jong Hyun,1958,https://i.mydramalist.com/vn118c.jpg
T.O.P,1914,https://i.mydramalist.com/ZldYW_5c.jpg
Park Shi Hoo,1007,https://i.mydramalist.com/2DjjVc.jpg
Song Jae Rim,1666,https://i.mydramalist.com/ZO6VW_5c.jpg
Lee Soo Hyuk,4505,https://i.mydramalist.com/k6VbO_5c.jpg
Lee Sang Yoon,1365,https://i.mydramalist.com/q8Zn8c.jpg
Kim Rae Won,1626,https://i.mydramalist.com/vEpkg_5c.jpg
Lee Sung Yeol,1161,https://i.mydramalist.com/pbZBy_5c.jpg
Joo Ji Hoon,2434,https://i.mydramalist.com/qJVnB_5c.jpg
Nam Woo Hyun,933,https://i.mydramalist.com/2qWZ7c.jpg
Kang Min Hyuk,1904,https://i.mydramalist.com/Xo0rX_5c.jpg
Shin  Won Ho,1058,https://i.mydramalist.com/B4jAq_5c.jpg
Song Il Gook,485,https://i.mydramalist.com/jnjVw_5c.jpg
Park Jin Young,4915,https://i.mydramalist.com/dvozdc.jpg
Ha Seok Jin,1537,https://i.mydramalist.com/4PmVd_5c.jpg
Lee Joon,2225,https://i.mydramalist.com/xLdjw_5c.jpg
Kwon Sang Woo,880,https://i.mydramalist.com/Rm22Y_5c.jpg
Jin Yi Han,779,https://i.mydramalist.com/68n8Kc.jpg
Yoon Kyun Sang,2245,https://i.mydramalist.com/j30Wz_5c.jpg
Cha Eun Woo,7838,https://i.mydramalist.com/ROkdP_5c.jpg
Kim Min Jae,4440,https://i.mydramalist.com/w7qyA_5c.jpg
Lee Je Hoon,4315,https://i.mydramalist.com/BzlmV_5c.jpg
Eric Mun,1096,https://i.mydramalist.com/5y5Jyc.jpg
Yim Si Wan,3699,https://i.mydramalist.com/QQJv2_5c.jpg
Byun Baek Hyun,2829,https://i.mydramalist.com/x4venr_5c.jpg
Jay B,1542,https://i.mydramalist.com/WgZBX_5c.jpg
Lee  Jong Hyun,1082,https://i.mydramalist.com/XbX8wc.jpg
Kai,2170,https://i.mydramalist.com/xpm7w_5c.jpg
Joo Jin Mo,781,https://i.mydramalist.com/2KKJ2_5c.jpg
Yoo Yeon Seok,3029,https://i.mydramalist.com/p31Py_5c.jpg
Lee Jin Wook,1592,https://i.mydramalist.com/jBpAB_5c.jpg
Kang Ji Hwan,575,https://i.mydramalist.com/j2rRbc.jpg
Jung Jin Young,2690,https://i.mydramalist.com/j821bc.jpg
Ji Jin Hee,1072,https://i.mydramalist.com/43jwQc.jpg
Ji Hyun Woo,1105,https://i.mydramalist.com/qjEyK_5c.jpg
Kim Jae Wook,4468,https://i.mydramalist.com/vdpP2c.jpg
Lee Min Hyuk,1104,https://i.mydramalist.com/p0ppyc.jpg
Choi  Tae Joon,2019,https://i.mydramalist.com/jbRmJ_5c.jpg
Kwak Dong Yeon,4902,https://i.mydramalist.com/vVy7e_5c.jpg
Im Joo Hwan,1322,https://i.mydramalist.com/k5jq8_5c.jpg
Kim Nam Gil,2059,https://i.mydramalist.com/x8mJ0_5c.jpg
Do Ji Han,1073,https://i.mydramalist.com/1gbkzc.jpg
Go Kyung Pyo,2512,https://i.mydramalist.com/qA2vBc.jpg
Lee Tae Hwan,1976,https://i.mydramalist.com/d0OAqW_5c.jpg
V,6409,https://i.mydramalist.com/wdOeY_5c.jpg
Kim Jae Won,549,https://i.mydramalist.com/dLlA0_5c.jpg
Lee Gi Kwang,1033,https://i.mydramalist.com/E3PxW_5c.jpg
Cha Seung Won,1993,https://i.mydramalist.com/kWkwdc.jpg
G-Dragon,1063,https://i.mydramalist.com/qR5d8_5c.jpg
Oh Se Hun,2152,https://i.mydramalist.com/60rxZK_5c.jpg
Cha Hak Yeon,1852,https://i.mydramalist.com/eB16Y_5c.jpg
Lee Dong Gun,711,https://i.mydramalist.com/4DVY1c.jpg
Ryu Joon Yeol,2416,https://i.mydramalist.com/dBNgb_5c.jpg
Lee Sang Woo,606,https://i.mydramalist.com/1Ljp3c.jpg
Lee Min Ki,3213,https://i.mydramalist.com/wE3Qp_5c.jpg
Hong Bin,1081,https://i.mydramalist.com/00ndYc.jpg
Yoon Sang Hyun,1113,https://i.mydramalist.com/dxN6W_5c.jpg
Suho,1782,https://i.mydramalist.com/rNeBXN_5c.jpg
Kim Min Seok,2584,https://i.mydramalist.com/0LVrK_5c.jpg
Kim Sun Woong,249,https://i.mydramalist.com/jpDyw_5c.jpg
Xiumin,1240,https://i.mydramalist.com/E5vANQ_5c.jpg
Lee Jae Yoon,816,https://i.mydramalist.com/x2Wr3c.jpg
Kim Joon,436,https://i.mydramalist.com/QyDY6_5c.jpg
Kang Dong Won,1117,https://i.mydramalist.com/Z650W_5c.jpg
Jin Goo,1070,https://i.mydramalist.com/64JeXc.jpg
Go Soo,689,https://i.mydramalist.com/d3wYW_5c.jpg
Lee Jung Shin,1209,https://i.mydramalist.com/x17Yr_5c.jpg
Yoon Doo Joon,1467,https://i.mydramalist.com/RybJY_5c.jpg
Jung Jin Woon,839,https://i.mydramalist.com/Rq8yz_5c.jpg
Jung Woo Sung,767,https://i.mydramalist.com/2zEmO_5c.jpg
Oh Ji Ho,425,https://i.mydramalist.com/qoXnzc.jpg
Gong Myung,1756,https://i.mydramalist.com/eBmNq_5c.jpg
Kim Tae Hwan,680,https://i.mydramalist.com/WmDXpc.jpg
Cha Tae Hyun,827,https://i.mydramalist.com/jO7J8_5c.jpg
Yoon Park,1439,https://i.mydramalist.com/XXJqq_5c.jpg
Won Bin,878,https://i.mydramalist.com/EWrOp_5c.jpg
Kim Jeong Hoon,263,https://i.mydramalist.com/d0x50c.jpg
Lee Dong Hae,920,https://i.mydramalist.com/QOZ46_5c.jpg
Lee Seo Jin,484,https://i.mydramalist.com/zvDe1c.jpg
Jo Hyun Jae,313,https://i.mydramalist.com/PxyZwc.jpg
Byun Yo Han,1011,https://i.mydramalist.com/jPLOB_5c.jpg
Kim Ji Hoon,1345,https://i.mydramalist.com/rXKp7_5c.jpg
Lee Tae Min,1191,https://i.mydramalist.com/64J2pc.jpg
Kwak Shi Yang,1149,https://i.mydramalist.com/xeApr_5c.jpg
Lee Byung Hun,1657,https://i.mydramalist.com/Erx2Qc.jpg
Kim Dong Jun,840,https://i.mydramalist.com/XD1dp_5c.jpg
Chun Jung Myung,369,https://i.mydramalist.com/08rD4_5c.jpg
U-Know,635,https://i.mydramalist.com/AzO13c.jpg
Lee Seo Won,681,https://i.mydramalist.com/XOYmZ_5c.jpg
Jung Gyu Woon,316,https://i.mydramalist.com/x271rc.jpg
Lee Ho Won,615,https://i.mydramalist.com/0wxBjr_5c.jpg
Lee Jang Woo,407,https://i.mydramalist.com/BewNq_5c.jpg
Shim Chang Min,571,https://i.mydramalist.com/QLnX5_5c.jpg
Jung Hae In,6984,https://i.mydramalist.com/Zy03k_5c.jpg
Kwon Yool,509,https://i.mydramalist.com/w3V08_5c.jpg
Yoon Hyun Min,1557,https://i.mydramalist.com/B450A_5c.jpg
Baek Sung Hyun,474,https://i.mydramalist.com/6jwk2_5c.jpg
Baek Seung Heon,229,https://i.mydramalist.com/6YxZ0_5c.jpg
Onew,981,https://i.mydramalist.com/0k65N_5c.jpg
Yeon Jung Hoon,537,https://i.mydramalist.com/2O3p7c.jpg
Ohn Joo Wan,471,https://i.mydramalist.com/pZ37V_5c.jpg
Lee Joon Hyuk,1517,https://i.mydramalist.com/QBg4A_5c.jpg
Jo Yoon Woo,447,https://i.mydramalist.com/k8Jqv_5c.jpg
Jang Dong Gun,519,https://i.mydramalist.com/Lxm33c.jpg
Lee Jung Jin,390,https://i.mydramalist.com/QXZW7c.jpg
Rowoon,4139,https://i.mydramalist.com/Zxn2j_5c.jpg
Shin Jae Ha,1062,https://i.mydramalist.com/E07m7_5c.jpg
Lee Jun Ho,4601,https://i.mydramalist.com/jQjpmd_5c.jpg
Chani,1156,https://i.mydramalist.com/E0mPm_5c.jpg
Jae Hee,277,https://i.mydramalist.com/XXjeq_5c.jpg
Lee Tae Ri,1109,https://i.mydramalist.com/1B8A6_5c.jpg
Bae Soo Bin,403,https://i.mydramalist.com/RLKLr_5c.jpg
Kim Jung Hyun,2992,https://i.mydramalist.com/QVKxv_5c.jpg
Lee Bum Soo,234,https://i.mydramalist.com/j5rgb_5c.jpg
Jang Ki Yong,4141,https://i.mydramalist.com/d026Dd_5c.jpg
Lee Pil Mo,484,https://i.mydramalist.com/6zwlW_5c.jpg
Seo Joon Young,193,https://i.mydramalist.com/v4o3W_5c.jpg
Yoon Kye Sang,630,https://i.mydramalist.com/QNZo7c.jpg
Lee Sang Yeob,1569,https://i.mydramalist.com/jZg8r_5c.jpg
Lee Sun Kyun,1482,https://i.mydramalist.com/472z1_5c.jpg
Yoo Ji Tae,1129,https://i.mydramalist.com/eeyxe_5c.jpg
Kim Jae Young,1792,https://i.mydramalist.com/kwWvv_5c.jpg
Kim Kang Woo,629,https://i.mydramalist.com/kdVAm_5c.jpg
Dong Ha,896,https://i.mydramalist.com/EQBd0_5c.jpg
Park Min Woo,372,https://i.mydramalist.com/p8vJyc.jpg
Lee Ji Hoon,731,https://i.mydramalist.com/4N5lY_5c.jpg
Choi Daniel,793,https://i.mydramalist.com/qeVNP_5c.jpg
Kim Ji Suk,847,https://i.mydramalist.com/2PnbE_5c.jpg
Jang Woo Young,522,https://i.mydramalist.com/wJWX5k_5c.jpg
Cho Seung Woo,1583,https://i.mydramalist.com/QmdJ7c.jpg
Shin Sung Rok,1491,https://i.mydramalist.com/j50eO_5c.jpg
Lee Wan,118,https://i.mydramalist.com/nO2ZQc.jpg
Cha Sun Woo,402,https://i.mydramalist.com/4emmjK_5c.jpg
Park Ki Woong,639,https://i.mydramalist.com/jVw6zc.jpg
Key,1102,https://i.mydramalist.com/rA38D_5c.jpg
Kim Jin Woo,267,https://i.mydramalist.com/w7p4g_5c.jpg
Kim Hee Chul,970,https://i.mydramalist.com/Q44vA_5c.jpg
Zuho,465,https://i.mydramalist.com/B44nl_5c.jpg
Kim Sung Joo,754,https://i.mydramalist.com/WQ8ePc.jpg
Jang Dong Yoon,2239,https://i.mydramalist.com/R6Xvz_5c.jpg
Im Seul Ong,292,https://i.mydramalist.com/jQy25v_5c.jpg
Kim Ki Bum,170,https://i.mydramalist.com/KDvAqc.jpg
Hwang Chan Sung,798,https://i.mydramalist.com/xl0ny_5c.jpg
Yong Jun Hyung,267,https://i.mydramalist.com/RjZ2xc.jpg
Ryu Soo Young,451,https://i.mydramalist.com/4kZL6c.jpg
Oh Min Suk,434,https://i.mydramalist.com/WB6zWc.jpg
Kang Tae Oh,2649,https://i.mydramalist.com/qv3mz_5c.jpg
Bae Yong Joon,252,https://i.mydramalist.com/41JWdc.jpg
Lee Ki Woo,593,https://i.mydramalist.com/2z3qR_5c.jpg
Kang Ki Young,2228,https://i.mydramalist.com/EeKV5_5c.jpg
Park Yoo Hwan,270,https://i.mydramalist.com/qQn8dc.jpg
Lee  Jae Joon,417,https://i.mydramalist.com/jopr8_5c.jpg
Choi Min,410,https://i.mydramalist.com/xoQpN_5c.jpg
Lee Joo Seung,413,https://i.mydramalist.com/kWqZkc.jpg
Song Chang Eui,195,https://i.mydramalist.com/Wl72X_5c.jpg
Yang Hak Jin,248,https://i.mydramalist.com/kqnwj_5c.jpg
Kim Hyung Jun,99,https://i.mydramalist.com/NPvync.jpg
Seungri,385,https://i.mydramalist.com/BPyBb_5c.jpg
Choi Won Young,1133,https://i.mydramalist.com/QBrn6_5c.jpg
Seo Ha Joon,152,https://i.mydramalist.com/4BDqw_5c.jpg
Lee Chul Woo,73,https://i.mydramalist.com/6Q0Kgc.jpg
Lee Yi Kyung,1513,https://i.mydramalist.com/2Z0zw_5c.jpg
Shin Ha Kyun,936,https://i.mydramalist.com/EN4dp_5c.jpg
Hyun Woo,365,https://i.mydramalist.com/Zod3Oc.jpg
Park Sung Woong,1249,https://i.mydramalist.com/Zvb4jc.jpg
Park Sun Ho,468,https://i.mydramalist.com/xrkqr_5c.jpg
Yang Se Jong,2550,https://i.mydramalist.com/1Z835_5c.jpg
Kim Sung Oh,770,https://i.mydramalist.com/27Jlkc.jpg
Jo Dong Hyuk,438,https://i.mydramalist.com/Y3v5Kc.jpg
Lee Tae Sung,319,https://i.mydramalist.com/1r487_5c.jpg
Song Jong Ho,327,https://i.mydramalist.com/XVVbg_5c.jpg
Ji  Il Joo,602,https://i.mydramalist.com/6qLYd_5c.jpg
Seo Ji Hoon,1466,https://i.mydramalist.com/xK7bqc.jpg
Ki Tae Young,172,https://i.mydramalist.com/XEJgO_5c.jpg
Seo Jae Hyung,173,https://i.mydramalist.com/XApvpc.jpg
Uhm Tae Woong,200,https://i.mydramalist.com/nBvp2c.jpg
Kim Dong Hyun,116,https://i.mydramalist.com/WPJ7Rl_5c.jpg
Choi Jong Hoon,163,https://i.mydramalist.com/wNpmN_5c.jpg
Kim Shi Hoo,242,https://i.mydramalist.com/REvxr_5c.jpg
Ahn Woo Yeon,587,https://i.mydramalist.com/6d2Vd_5c.jpg
Jacob Hwang,135,https://i.mydramalist.com/dDoOb_5c.jpg
Kang Seung Yoon,644,https://i.mydramalist.com/1gWBzc.jpg
Seo Ji Suk,98,https://i.mydramalist.com/RwLqP_5c.jpg
Shin Dong Ho,70,https://i.mydramalist.com/kA0ojm_5c.jpg
Kim Young Jae,116,https://i.mydramalist.com/qg0QD_5c.jpg
Dawon,453,https://i.mydramalist.com/dZRBe_5c.jpg
Son Seung Won,541,https://i.mydramalist.com/e5V3E_5c.jpg
Yoo Il,87,https://i.mydramalist.com/602jWc.jpg
Park Jung Min,116,https://i.mydramalist.com/AvZg3c.jpg
Go Joo Won,52,https://i.mydramalist.com/wwopAc.jpg
Lee Hyun Jae,190,https://i.mydramalist.com/3oqxWc.jpg
Lee Chang Joo,71,https://i.mydramalist.com/WPVXpc.jpg
Kim Myung Min,499,https://i.mydramalist.com/Wz3ml_5c.jpg
Kim Hee Chan,198,https://i.mydramalist.com/04JVEc.jpg
Ken,229,https://i.mydramalist.com/EOq5m_5c.jpg
Lee Si Eon,739,https://i.mydramalist.com/kWqmdc.jpg
Han Ji Seok,51,https://i.mydramalist.com/ExpxWc.jpg
Sung Dong Il,1397,https://i.mydramalist.com/XOo6p_5c.jpg
Kim Sung Soo,163,https://i.mydramalist.com/r0J6Dc.jpg
Kim Jong Kook,377,https://i.mydramalist.com/2bErV_5c.jpg
Nam Tae Hyun,175,https://i.mydramalist.com/ez4NEc.jpg
Kim Tae Hoon,364,https://i.mydramalist.com/Z4m8Yc.jpg
David Lee,539,https://i.mydramalist.com/6Pl1K_5c.jpg
Kim Sang Joong,333,https://i.mydramalist.com/VXzoEc.jpg
Jo Jin Woong,506,https://i.mydramalist.com/kOYmOc.jpg
Byun Joon Suk,43,https://i.mydramalist.com/zBdzec.jpg
Park Eun Seok,540,https://i.mydramalist.com/ZP31q_5c.jpg
Kim Sung Gyu,197,https://i.mydramalist.com/eYwydW_5c.jpg
Kim Mu Yeol,518,https://i.mydramalist.com/pzODD_5c.jpg
Lee Jong Hyuk,233,https://i.mydramalist.com/dv6NKc.jpg
Jung Joon Young,281,https://i.mydramalist.com/eYwgAp_5c.jpg
Han Seok Kyu,650,https://i.mydramalist.com/B0e75c.jpg
Lee Chun Hee,243,https://i.mydramalist.com/B3YD7c.jpg
Shim Hyung Tak,385,https://i.mydramalist.com/6o6gdc.jpg
Kim Dong Wook,1055,https://i.mydramalist.com/jdVzv_5c.jpg
Choi Min Soo,401,https://i.mydramalist.com/eYwj2Y_5c.jpg
Lee Tae Gon,112,https://i.mydramalist.com/BzEX6_5c.jpg
Lee Kyu Han,318,https://i.mydramalist.com/RWEK6c.jpg
Choi Won Hong,143,https://i.mydramalist.com/E2JbQc.jpg
Woo Do Hwan,5762,https://i.mydramalist.com/R1ybg_5c.jpg
Yoo Min Kyu,214,https://i.mydramalist.com/RrVZzc.jpg
Kim Min Jong,176,https://i.mydramalist.com/1wOmZK_5c.jpg
Kim Kyu Jong,106,https://i.mydramalist.com/e7RQd_5c.jpg
Ryu Jin,99,https://i.mydramalist.com/RB2EpV_5c.jpg
Kim  Sang Ho,591,https://i.mydramalist.com/B3Vm1c.jpg
Baek Seung Hwan,233,https://i.mydramalist.com/6JNoO_5c.jpg
Uhm Ki Joon,531,https://i.mydramalist.com/jbrmO_5c.jpg
Hyung Won,480,https://i.mydramalist.com/woePg_5c.jpg
Han Joo Wan,284,https://i.mydramalist.com/jW81rc.jpg
Ha Jung Woo,450,https://i.mydramalist.com/xw56y_5c.jpg
Son Ho Jun,955,https://i.mydramalist.com/BNjpR_5c.jpg
Shin Hyun Joon,185,https://i.mydramalist.com/rN3Qjc.jpg
Ji Eun Sung,63,https://i.mydramalist.com/vzJyW_5c.jpg
Kim Hye Sung,225,https://i.mydramalist.com/qw20Bc.jpg
Lee Dong Hwi,460,https://i.mydramalist.com/jb0yw_5c.jpg
Kang  Dong Ho,87,https://i.mydramalist.com/jgEkr_5c.jpg
Nam  Da Reum ,2687,https://i.mydramalist.com/2jmR7_5c.jpg
Ahn Jae Wook,203,https://i.mydramalist.com/RQNkY_5c.jpg
Seo Young Joo,265,https://i.mydramalist.com/RRZ7V_5c.jpg
Seo Do Young,93,https://i.mydramalist.com/Blkmb_5c.jpg
Shin Hyun Soo,441,https://i.mydramalist.com/2zRWV_5c.jpg
Jung Il Hoon,139,https://i.mydramalist.com/R1W6E_5c.jpg
Lee Jae Jin,197,https://i.mydramalist.com/x4jV1X_5c.jpg
Jang Mi Kwan,260,https://i.mydramalist.com/veVbqc.jpg
Jung Eun Woo,64,https://i.mydramalist.com/wVBVAc.jpg
Lee Shi Hoo,107,https://i.mydramalist.com/pdxOm8_5c.jpg
Park Shin Yang,77,https://i.mydramalist.com/qQrEzc.jpg
Kim  Joo Hyuk,263,https://i.mydramalist.com/BDjPq_5c.jpg
Ahn Nae Sang,583,https://i.mydramalist.com/1g5nQc.jpg
Park Jin Woo,70,https://i.mydramalist.com/R3nvrc.jpg
Park Yong Ha,80,https://i.mydramalist.com/yWOonc.jpg
Jung Woong In,371,https://i.mydramalist.com/EPWJzc.jpg
Han Jae Suk,58,https://i.mydramalist.com/g0E2Xc.jpg
Jung Yoon Hak,79,https://i.mydramalist.com/rqEONc.jpg
Jeon Kwang Ryul,143,https://i.mydramalist.com/vNEWWc.jpg
Jang Yoo Sang,211,https://i.mydramalist.com/1VdBK_5c.jpg
Kang Eun Tak,107,https://i.mydramalist.com/ELx1O_5c.jpg
Oh Chang Seok,124,https://i.mydramalist.com/q7xjB_5c.jpg
Chen,720,https://i.mydramalist.com/BdrXD5_5c.jpg
Jung Joon Ho,226,https://i.mydramalist.com/pY2L8_5c.jpg
Ahn Bo Hyun,2132,https://i.mydramalist.com/B6wPl_5c.jpg
Yang Jin Woo,45,https://i.mydramalist.com/444BKc.jpg
Kwak Jung Wook,139,https://i.mydramalist.com/vzVeW_5c.jpg
Ryu Deok Hwan,382,https://i.mydramalist.com/eY0eZp_5c.jpg
Oh Jung Se,1248,https://i.mydramalist.com/j4o08c.jpg
Lee Sung Jae,148,https://i.mydramalist.com/ej27Q_5c.jpg
Moon Bin,1209,https://i.mydramalist.com/qZAP8_5c.jpg
Jung Jae Young,236,https://i.mydramalist.com/pOLDEc.jpg
Jung Woo,405,https://i.mydramalist.com/rg2Lm_5c.jpg
Jang Hyun Sung,312,https://i.mydramalist.com/1LJLdc.jpg
Jin Hyuk,83,https://i.mydramalist.com/wnx4gc.jpg
Hwang Jung Min,278,https://i.mydramalist.com/dQWWb_5c.jpg
Lee Jung Jae,699,https://i.mydramalist.com/2zEwW_5c.jpg
Chun Ho Jin,333,https://i.mydramalist.com/pkNw8c.jpg
Thunder,85,https://i.mydramalist.com/eYyd28_5c.jpg
Baek Chul Min,113,https://i.mydramalist.com/04yYKc.jpg
Park Ji Bin,545,https://i.mydramalist.com/wqWRk_5c.jpg
Taeyang,285,https://i.mydramalist.com/RB2WAV_5c.jpg
Kang Dae Sung,260,https://i.mydramalist.com/jVW7Oc.jpg
Lee Shi Kang,403,https://i.mydramalist.com/B3EKzc.jpg
Kim Sang Kyung,209,https://i.mydramalist.com/ZdZAq_5c.jpg
Heo Jung Min,255,https://i.mydramalist.com/B3Vw1c.jpg
Jeon Ji Hoo,55,https://i.mydramalist.com/qb47Kc.jpg
Hyun Woo Sung,69,https://i.mydramalist.com/jb2Ew_5c.jpg
Moon Mason,93,https://i.mydramalist.com/d3gzA_5c.jpg
Kwak Hee Sung,92,https://i.mydramalist.com/PdonXc.jpg
Shin Dong Wook,389,https://i.mydramalist.com/RQKdz_5c.jpg
Choi Woong,281,https://i.mydramalist.com/xnd53_5c.jpg
Cha Do Jin,62,https://i.mydramalist.com/QjD3gc.jpg
Ye Sung,373,https://i.mydramalist.com/XEq7p_5c.jpg
Lee Hyun Jin,138,https://i.mydramalist.com/EpRpbc.jpg
Kim Min Joon,174,https://i.mydramalist.com/4DPJwc.jpg
Choi Sung Min,137,https://i.mydramalist.com/WV0jp_5c.jpg
Park  Yoon Jae,76,https://i.mydramalist.com/q5k40_5c.jpg
Do Sang Woo,224,https://i.mydramalist.com/BwgA5c.jpg
Yoon Sun Woo,295,https://i.mydramalist.com/0evrk_5c.jpg
Yoon Chan Young,1219,https://i.mydramalist.com/q4qg5_5c.jpg
Jung Eui Chul,143,https://i.mydramalist.com/XdVNJc.jpg
Choi Won Myung,80,https://i.mydramalist.com/8QjZKc.jpg
Park Gun Woo,89,https://i.mydramalist.com/2lbPO_5c.jpg
Sung Hyuk,202,https://i.mydramalist.com/wnWNkc.jpg
Yoo  Joon Sang,531,https://i.mydramalist.com/ZN4EY_5c.jpg
Jo Jae Yoon,551,https://i.mydramalist.com/0d5kY_5c.jpg
Kwon Hyun Sang,80,https://i.mydramalist.com/RjdkEc.jpg
Lee Hee Joon,386,https://i.mydramalist.com/ZpyqW_5c.jpg
Ryu Seung Ryong,247,https://i.mydramalist.com/qPwzQ_5c.jpg
Kim Hyun Joon,166,https://i.mydramalist.com/vdpp2c.jpg
Lee Sung Min,438,https://i.mydramalist.com/d78nD_5c.jpg
Cha In Pyo,102,https://i.mydramalist.com/5Qp5yc.jpg
Yoo Geon,138,https://i.mydramalist.com/d54VK_5c.jpg
Jang Do Yoon,132,https://i.mydramalist.com/6QeOXc.jpg
Ricky Kim,54,https://i.mydramalist.com/vpLZg_5c.jpg
Jo Jae Hyun,58,https://i.mydramalist.com/pVp2B_5c.jpg
Kim Heung Soo,59,https://i.mydramalist.com/ONxWxc.jpg
Kim Min Gue,2976,https://i.mydramalist.com/W8VKm_5c.jpg
Oh Man Suk,237,https://i.mydramalist.com/xOy30_5c.jpg
Kim Seung Soo,61,https://i.mydramalist.com/Q7WN6c.jpg
Jo Sung Ha,253,https://i.mydramalist.com/ErVQ0c.jpg
Yoon Jong Hoon,726,https://i.mydramalist.com/WZNNO_5c.jpg
Kang Gary,158,https://i.mydramalist.com/BD55q_5c.jpg
Song  Jae Hee,100,https://i.mydramalist.com/2D5e7c.jpg
Lee Tae Sun,550,https://i.mydramalist.com/wVAZAc.jpg
Kim Gab Soo,312,https://i.mydramalist.com/RRXLz_5c.jpg
Jung Suk Won,163,https://i.mydramalist.com/4ppv6c.jpg
Choi Sung Guk,76,https://i.mydramalist.com/1Vep5_5c.jpg
Choi Soo Jong,77,https://i.mydramalist.com/Xd3bdg_5c.jpg
Kim San Ho,107,https://i.mydramalist.com/EDeJ5c.jpg
Ahn Yong Joon,66,https://i.mydramalist.com/0wQ2ec.jpg
Choi Soo Han,100,https://i.mydramalist.com/XrRrgc.jpg
In Gyo Jin,167,https://i.mydramalist.com/pOZeEc.jpg
Kim Soo Ro,152,https://i.mydramalist.com/Bdr157_5c.jpg
Jeong Bo Seok,100,https://i.mydramalist.com/Wpd7W_5c.jpg
Ha Ha,230,https://i.mydramalist.com/xyZ7q_5c.jpg
Kang Ji Sub,127,https://i.mydramalist.com/EmVXW_5c.jpg
Jin Tae Hyun,64,https://i.mydramalist.com/1xYd5_5c.jpg
Choi Ro Woon,104,https://i.mydramalist.com/2nDV2_5c.jpg
Jang  Woo Hyuk,37,https://i.mydramalist.com/EwvP7_5c.jpg
Yeo Woon,53,https://i.mydramalist.com/km4wm_5c.jpg
Song Ji Ho,174,https://i.mydramalist.com/jlzwrc.jpg
Han Ki Woong,79,https://i.mydramalist.com/p6znB_5c.jpg
Jeon Tae Soo,90,https://i.mydramalist.com/Nv3RYc.jpg
Jo Young Min,61,https://i.mydramalist.com/x1oXw_5c.jpg
Kim Jong Hyun,599,https://i.mydramalist.com/Bd7k1q_5c.jpg
Kim Won Hae,1428,https://i.mydramalist.com/pZryy_5c.jpg
Yeo Hoe Hyun,401,https://i.mydramalist.com/2JBkE_5c.jpg
Yun  Joon Suk,137,https://i.mydramalist.com/jKlov_5c.jpg
Ahn Kil Kang,309,https://i.mydramalist.com/WQpx5c.jpg
Kang Tae Sung,76,https://i.mydramalist.com/Pw705c.jpg
Kim Dong Seok,51,https://i.mydramalist.com/1vWmKc.jpg
Chang Jo,109,https://i.mydramalist.com/2wmQrd_5c.jpg
Jo Kwang Min,53,https://i.mydramalist.com/5QX4Yc.jpg
Kang Hui,385,https://i.mydramalist.com/eeXVK_5c.jpg
Kim Ryeo Wook,137,https://i.mydramalist.com/QJ2wN4_5c.jpg
Jang Se Hyun,88,https://i.mydramalist.com/v3VYB_5c.jpg
Lee Deok Hwa,391,https://i.mydramalist.com/R3KXEc.jpg
Shim Ji Ho,115,https://i.mydramalist.com/Erklbc.jpg
Chang Jae,29,https://i.mydramalist.com/pdL6Vc.jpg
Hwang Kwang Hee,134,https://i.mydramalist.com/eYwgkW_5c.jpg
Kang Kyung Joon,85,https://i.mydramalist.com/08rAY_5c.jpg
Xiah Junsu,146,https://i.mydramalist.com/Xql3w_5c.jpg
Shin Dong Woo,46,https://i.mydramalist.com/jr01zc.jpg
Choi Min Shik,263,https://i.mydramalist.com/RRgdR_5c.jpg
Kim Sung Kyun,367,https://i.mydramalist.com/w8WwYc.jpg
Gongchan,400,https://i.mydramalist.com/1wOOz6_5c.jpg
Ji Yoon Ho,157,https://i.mydramalist.com/AzPzvc.jpg
Lee Moon Shik,226,https://i.mydramalist.com/jKm7d_5c.jpg
Dowoo,84,https://i.mydramalist.com/xKBQzc.jpg
Kam Woo Sung,99,https://i.mydramalist.com/rzZom_5c.jpg
Jay Park,233,https://i.mydramalist.com/0OKNKc.jpg
Kim Kwang Gyu,356,https://i.mydramalist.com/vgy5q_5c.jpg
Go Se Won,36,https://i.mydramalist.com/pgOdn_5c.jpg
Kim Joo Young,48,https://i.mydramalist.com/en0vnc.jpg
Lee Won Jong,248,https://i.mydramalist.com/vJVQ8c.jpg
Yoon San Ha,337,https://i.mydramalist.com/jm2vv_5c.jpg
Jin Joo Hyung,218,https://i.mydramalist.com/oVmBEc.jpg
Kim Seung Woo,53,https://i.mydramalist.com/QX56gc.jpg
Uhm Hyo Sub,283,https://i.mydramalist.com/jov5z_5c.jpg
Moon Yong Suk,40,https://i.mydramalist.com/B4OqV_5c.jpg
Shin Hyun Tak,6,https://i.mydramalist.com/xz0zy_5c.jpg
Dong Hyun Bae,133,https://i.mydramalist.com/kObjbc.jpg
Im Yoon Ho,88,https://i.mydramalist.com/jApgBc.jpg
Park Hee Soon ,498,https://i.mydramalist.com/kWLmrc.jpg
Jung Dong Hwan,163,https://i.mydramalist.com/01kAkc.jpg
Ahn Jae Hong,417,https://i.mydramalist.com/pwLen_5c.jpg
Park Kwang Hyun,39,https://i.mydramalist.com/6LzKdc.jpg
Jang Seung Jo,1053,https://i.mydramalist.com/p54Xn_5c.jpg
Ryu Shi Won,16,https://i.mydramalist.com/x4NWqc.jpg
Park Hae Il,126,https://i.mydramalist.com/dvdBDc.jpg
Jeon Gook Hwan,174,https://i.mydramalist.com/xXNAEc.jpg
Yoo Oh Sung,103,https://i.mydramalist.com/qwng0c.jpg
Song Kang Ho,609,https://i.mydramalist.com/RZ60Ec.jpg
Han Sang Jin,88,https://i.mydramalist.com/W6KBR_5c.jpg
Kim Tae Woo,244,https://i.mydramalist.com/47PO1_5c.jpg
Ahn Do Kyu,141,https://i.mydramalist.com/BDgml_5c.jpg
Choi Jin Ho,171,https://i.mydramalist.com/1ld2d_5c.jpg
Evan Li,57,https://i.mydramalist.com/Y8bYoc.jpg
Ahn Suk Hwan,260,https://i.mydramalist.com/wzEBn_5c.jpg
Min Sung Wook,331,https://i.mydramalist.com/4V651_5c.jpg
Lee Joo Hyung,133,https://i.mydramalist.com/Q2Jr5c.jpg
Lee Sun Ho,66,https://i.mydramalist.com/XdVNpc.jpg
Kim Young Hoon,86,https://i.mydramalist.com/ejBKn_5c.jpg
Lee Jae Hwang,16,https://i.mydramalist.com/XB1zx_5c.jpg
Choi Jung Woo,168,https://i.mydramalist.com/0vvxKc.jpg
Niel,69,https://i.mydramalist.com/wJWjvn_5c.jpg
Kim Seon Ho,4519,https://i.mydramalist.com/p3LJD_5c.jpg
Cho Kyu Hyun,247,https://i.mydramalist.com/pO3Pnc.jpg
Rocky,372,https://i.mydramalist.com/ROkgR_5c.jpg
Lee Hak Joo,540,https://i.mydramalist.com/do6KDc.jpg
Song Min Ho,338,https://i.mydramalist.com/2AKBE_5c.jpg
Yang Dong Geun,128,https://i.mydramalist.com/Z0vp1c.jpg
Lee Seung Hyun,58,https://i.mydramalist.com/Rv0OP_5c.jpg
Chae Sang Woo,80,https://i.mydramalist.com/dvkNzc.jpg
Kim Min Soo,37,https://i.mydramalist.com/p32Rr_5c.jpg
Eun Ji Won,220,https://i.mydramalist.com/2qKdOc.jpg
Na In Woo,881,https://i.mydramalist.com/kdwOO_5c.jpg
Jung Chan Woo,157,https://i.mydramalist.com/WwRp5_5c.jpg
Lee Joo Hyun,30,https://i.mydramalist.com/2DYNPc.jpg
Yoon Hee Seok,60,https://i.mydramalist.com/j51YO_5c.jpg
Choi Sung Joon,74,https://i.mydramalist.com/RBEO6c.jpg
Jo Hee Bong,211,https://i.mydramalist.com/RXXAV_5c.jpg
Yoon Tae Young,58,https://i.mydramalist.com/pdlDnc.jpg
Ryu Seung Soo,94,https://i.mydramalist.com/BDeR7_5c.jpg
Lee Seung Yub,47,https://i.mydramalist.com/q67L5_5c.jpg
Song Won Seok,272,https://i.mydramalist.com/k6ZBg_5c.jpg
Park Gun Hyung,54,https://i.mydramalist.com/ABZRXc.jpg
Jang Soo Won,31,https://i.mydramalist.com/vyZD8c.jpg
Lim Hyun Tae,56,https://i.mydramalist.com/RBByNR_5c.jpg
Kim Hee Won,110,https://i.mydramalist.com/1qZ0Kc.jpg
Son Hyun Joo,206,https://i.mydramalist.com/xwPKqc.jpg
Lee Seung Joon,284,https://i.mydramalist.com/6bKNd_5c.jpg
Kim Chang Wan,441,https://i.mydramalist.com/6xQPg_5c.jpg
Lee Ha Yul,144,https://i.mydramalist.com/enkVqc.jpg
Choi Young Jae,587,https://i.mydramalist.com/j6z5w_5c.jpg
Go Yoon,113,https://i.mydramalist.com/EQWpl_5c.jpg
Kim Yeong Cheol,106,https://i.mydramalist.com/doZz5c.jpg
Lee Soon Jae,190,https://i.mydramalist.com/p4l88c.jpg
Jung Hee Chul,31,https://i.mydramalist.com/d0Ow8A_5c.jpg
MJ,263,https://i.mydramalist.com/pPjrn_5c.jpg
Jeon Jin Seo,209,https://i.mydramalist.com/r7DYm_5c.jpg
Jung In Ki,156,https://i.mydramalist.com/627A2c.jpg
Eunhyuk,235,https://i.mydramalist.com/kA0E68_5c.jpg
Yoo Jae Suk,536,https://i.mydramalist.com/Bdr2Nq_5c.jpg
Choi Chang Yeob,43,https://i.mydramalist.com/VBV3Oc.jpg
Joo Woo Jae,249,https://i.mydramalist.com/jQjbNw_5c.jpg
Oh  Sang Jin ,51,https://i.mydramalist.com/qoLxDc.jpg
Park Won Sang,192,https://i.mydramalist.com/6K10p_5c.jpg
Choi Moo Sung,409,https://i.mydramalist.com/q4OW0_5c.jpg
Oh Won Bin,56,https://i.mydramalist.com/BO2P5_5c.jpg
Lee Teuk,306,https://i.mydramalist.com/Xb1nnc.jpg
Bong Tae Kyu,81,https://i.mydramalist.com/EbNvW_5c.jpg
Im Chang Jung,28,https://i.mydramalist.com/eYwjmn_5c.jpg
Jeon Noh Min,114,https://i.mydramalist.com/r5ROmc.jpg
Kang Shin Il,140,https://i.mydramalist.com/kVZqmc.jpg
Lee Chang Wook,47,https://i.mydramalist.com/4kApkc.jpg
Choi Dae Chul,169,https://i.mydramalist.com/4eeNXZ_5c.jpg
Song Se Hyun,24,https://i.mydramalist.com/6En0p_5c.jpg
Jo  Min Ki,27,https://i.mydramalist.com/kkJVrc.jpg
Park Joo Hyung,71,https://i.mydramalist.com/RR17P_5c.jpg
Sol Kyung Gu,186,https://i.mydramalist.com/j8P5vc.jpg
Park Shin Woon,46,https://i.mydramalist.com/X43Xqc.jpg
Jung Yoon Suk,101,https://i.mydramalist.com/2vmKR_5c.jpg
Noh Young Hak,104,https://i.mydramalist.com/AvLL8c.jpg
Min Hoo,48,https://i.mydramalist.com/rP2vN_5c.jpg
Kim Jung San,23,https://i.mydramalist.com/B8Jj7_5c.jpg
Moon  Ji Yoon,63,https://i.mydramalist.com/qAQJ8c.jpg
Jo Han Sun,68,https://i.mydramalist.com/YYjZgc.jpg
Lee Seung Hyo,42,https://i.mydramalist.com/Zo7Ykc.jpg
Jung Young Hoon,100,https://i.mydramalist.com/jyrbOc.jpg
Ahn Jae Hyo,58,https://i.mydramalist.com/Xd3Bnp_5c.jpg
Park Doo Shik,58,https://i.mydramalist.com/d4JZdc.jpg
Lee Yong Woo,35,https://i.mydramalist.com/XJEnZ_5c.jpg
Ko Chang Seok,258,https://i.mydramalist.com/RDd46_5c.jpg
Kim Kang Hyun,199,https://i.mydramalist.com/wzV2b_5c.jpg
Kim Do Jin,27,https://i.mydramalist.com/QxWKW_5c.jpg
Heo Young Saeng,41,https://i.mydramalist.com/2wmQLV_5c.jpg
Son Chang Min,52,https://i.mydramalist.com/1lQkb_5c.jpg
Oh  Gwang Rok ,124,https://i.mydramalist.com/EQvjb_5c.jpg
Hyuk,351,https://i.mydramalist.com/r5xZ2_5c.jpg
Jo Kye Hyung,17,https://i.mydramalist.com/6OYgP_5c.jpg
Choi Tae Hwan,102,https://i.mydramalist.com/kRO1O_5c.jpg
Kim Chang Hwan,29,https://i.mydramalist.com/jQebOc.jpg
Sean Richard ,42,https://i.mydramalist.com/eQJkq_5c.jpg
Park Chul Min,180,https://i.mydramalist.com/dKZEA_5c.jpg
Se7en,92,https://i.mydramalist.com/0LDY7_5c.jpg
Lee Jong Won,46,https://i.mydramalist.com/dvLmWc.jpg
Kim Yu Gyeom,361,https://i.mydramalist.com/50xdLc.jpg
Lee Joong Moon,38,https://i.mydramalist.com/eZr0E_5c.jpg
Jin Jin,224,https://i.mydramalist.com/xRKyj_5c.jpg
Leo,253,https://i.mydramalist.com/E5vQA7_5c.jpg
Park Hae Joon,207,https://i.mydramalist.com/RRQJR_5c.jpg
Park Young Gyu,121,https://i.mydramalist.com/qYVEqQ_5c.jpg
Danny Ahn,75,https://i.mydramalist.com/E5vJOQ_5c.jpg
Do Woo,99,https://i.mydramalist.com/vXv8Re_5c.jpg
Kim Dong Wan,85,https://i.mydramalist.com/WBekWc.jpg
Im Ho,31,https://i.mydramalist.com/2xv6dc.jpg
Lee Hae Woo,30,https://i.mydramalist.com/6272Wc.jpg
Chun Bo Geun,19,https://i.mydramalist.com/1wZPRc.jpg
Karam,150,https://i.mydramalist.com/RB2oJ6_5c.jpg
Lee Kwan Hoon,101,https://i.mydramalist.com/0jorY_5c.jpg
Kim Yoon Seok,120,https://i.mydramalist.com/Z8dB1c.jpg
Kim Yoo Suk,34,https://i.mydramalist.com/2Ldz7_5c.jpg
Byun Hee Bong,95,https://i.mydramalist.com/2xKmwc.jpg
Kim Ho Chang,49,https://i.mydramalist.com/oEB8zc.jpg
Lee  Han Wi,132,https://i.mydramalist.com/2WjyV_5c.jpg
Kwon Hae Hyo,174,https://i.mydramalist.com/WvXYpc.jpg
Kang In,97,https://i.mydramalist.com/RJ48Rc.jpg
Kim Hyung Min,114,https://i.mydramalist.com/nEn52c.jpg
Kim Byung Chul,448,https://i.mydramalist.com/v3O68_5c.jpg
Oh Dae Hwan,236,https://i.mydramalist.com/jKznr_5c.jpg
Min Woo Hyuk,240,https://i.mydramalist.com/Zvbvkc.jpg
Yoo Jae Myung,439,https://i.mydramalist.com/Wl36W_5c.jpg
Kim Eui Sung,192,https://i.mydramalist.com/j86wrc.jpg
Oh  Seung Yun,107,https://i.mydramalist.com/vOOXBc.jpg
Han Jung Soo,104,https://i.mydramalist.com/1lQdd_5c.jpg
No Min Woo,40,https://i.mydramalist.com/GWR85c.jpg
Kim Jin Sung,31,https://i.mydramalist.com/jllVvc.jpg
Kim Kwon,726,https://i.mydramalist.com/47rKY_5c.jpg
Yoon Joo Sang,147,https://i.mydramalist.com/oQ4dxc.jpg
Park Jae Min,16,https://i.mydramalist.com/EQK4m_5c.jpg
Kim Jae Hyun,197,https://i.mydramalist.com/wznpN_5c.jpg
Gu Won,151,https://i.mydramalist.com/jw8XJ_5c.jpg
Maeng  Se Chang,39,https://i.mydramalist.com/9oOdzc.jpg
Song Won Geun,48,https://i.mydramalist.com/QXPN4c.jpg
Jo Yeon Woo,28,https://i.mydramalist.com/Y3vLPc.jpg
Kim Byung Ok,172,https://i.mydramalist.com/ro6py_5c.jpg
Kim Sung Min,19,https://i.mydramalist.com/MXBPqc.jpg
Wang Seok Hyun,40,https://i.mydramalist.com/r5VEjc.jpg
Lee Jae Yong,66,https://i.mydramalist.com/jx21z_5c.jpg
Hong Eun Taek,72,https://i.mydramalist.com/koojkc.jpg
Park Yong Woo,42,https://i.mydramalist.com/QJyx4c.jpg
Kim Suk Hoon,8,https://i.mydramalist.com/ExNBmc.jpg
Lee Jae Won,242,https://i.mydramalist.com/By7eb_5c.jpg
Park  Jin Young,140,https://i.mydramalist.com/qLyY8_5c.jpg
Wonho,329,https://i.mydramalist.com/q2zBQc.jpg
G.O,60,https://i.mydramalist.com/4e12jQ_5c.jpg
Park Hyuk Kwon,138,https://i.mydramalist.com/w6pZY_5c.jpg
Park Jae Jung,30,https://i.mydramalist.com/vXE8ec.jpg
Shownu,371,https://i.mydramalist.com/xBwXq_5c.jpg
Baek Seung Do,107,https://i.mydramalist.com/RvAL6_5c.jpg
Ryu Seung Beom,52,https://i.mydramalist.com/WBWARc.jpg
Im Hyun Sik,99,https://i.mydramalist.com/2pZKw_5c.jpg
Choi Min Hwan,96,https://i.mydramalist.com/jQyK1J_5c.jpg
Jo Han Chul,434,https://i.mydramalist.com/vyZw2c.jpg
Lee Dong Ha,76,https://i.mydramalist.com/rYWmyc.jpg
Park Jung Chul,15,https://i.mydramalist.com/6A1AP_5c.jpg
Roy Kim,57,https://i.mydramalist.com/4emPlY_5c.jpg
U-kwon,84,https://i.mydramalist.com/60rEjW_5c.jpg
Choi Min Yong,22,https://i.mydramalist.com/96zlpc.jpg
Lee Kyung Young,174,https://i.mydramalist.com/j6Zl8_5c.jpg
Park Shi Jin,27,https://i.mydramalist.com/5QBEAc.jpg
Kang Nam Gil,52,https://i.mydramalist.com/XrKxqc.jpg
Ahn Ji Hoon,89,https://i.mydramalist.com/WbjWPc.jpg
Im Ji Kyu,176,https://i.mydramalist.com/v60q2_5c.jpg
Kim In Kwon,112,https://i.mydramalist.com/Z0xkkc.jpg
Oh Jae Moo,45,https://i.mydramalist.com/e8BeKc.jpg
Seo Eun Kwang,112,https://i.mydramalist.com/Z8z4AJ_5c.jpg
Yoo Hae Jin,185,https://i.mydramalist.com/qoJl8c.jpg
Joo In Chul,3,https://i.mydramalist.com/kvyerc.jpg
Ryu Tae Joon,19,https://i.mydramalist.com/PxjZ3c.jpg
Hwanhee,52,https://i.mydramalist.com/eYyd68_5c.jpg
Choi Deok Moon,109,https://i.mydramalist.com/j4mzbc.jpg
Yoo Seung Won,22,https://i.mydramalist.com/kVdYwc.jpg
Han Jin Hee,45,https://i.mydramalist.com/2X8Vw_5c.jpg
Lee Yoo Jin,176,https://i.mydramalist.com/RB2R5g_5c.jpg
Jo Kwon,64,https://i.mydramalist.com/eoxRQc.jpg
Kim Young Ho,47,https://i.mydramalist.com/6k1N0_5c.jpg
Jung Chan,52,https://i.mydramalist.com/E3YmQ_5c.jpg
Kang Ta,44,https://i.mydramalist.com/pdKAnE_5c.jpg
Jo  Woo Jin,334,https://i.mydramalist.com/6zd3g_5c.jpg
Jung Hae Won,33,https://i.mydramalist.com/pzJjE_5c.jpg
Kim Kang Hoon,579,https://i.mydramalist.com/XJ6qq_5c.jpg
Kang Yi Suk,48,https://i.mydramalist.com/prnwe_5c.jpg
Kim Tae Hyung,1,https://i.mydramalist.com/N7gnyc.jpg
Tae In Ho,270,https://i.mydramalist.com/4b5erc.jpg
Jung Man Shik,134,https://i.mydramalist.com/jxNbz_5c.jpg
Choi Woo Hyeok,33,https://i.mydramalist.com/MABVvc.jpg
Hoon,41,https://i.mydramalist.com/qb8y2c.jpg
Yeo One,223,https://i.mydramalist.com/kLgxr_5c.jpg
Park Sang Won,41,https://i.mydramalist.com/Z00Ekc.jpg
Kim Dong Yoon,43,https://i.mydramalist.com/BnDNA_5c.jpg
Kim Ye Jun,232,https://i.mydramalist.com/03gq6_5c.jpg
Hwang Dong Joo,26,https://i.mydramalist.com/WoJyO_5c.jpg
Kim Da Hyun,70,https://i.mydramalist.com/RwWRR_5c.jpg
Sung Min,71,https://i.mydramalist.com/jQjz1J_5c.jpg
Yoo Dong Geun,73,https://i.mydramalist.com/q1yEz_5c.jpg
Wi Ji Woong,6,https://i.mydramalist.com/xnozN_5c.jpg
Jung Sung Woon,9,https://i.mydramalist.com/MdY2dc.jpg
Choi Chul Ho,38,https://i.mydramalist.com/qqVZPc.jpg
Kim Ji Hoo,5,https://i.mydramalist.com/JBEYlc.jpg
Song Young Kyu,100,https://i.mydramalist.com/2X6jO_5c.jpg
Choi Sung Won,110,https://i.mydramalist.com/AYWVPc.jpg
Kim Nam Jin,21,https://i.mydramalist.com/Rll5o_5c.jpg
Park Geon Il,89,https://i.mydramalist.com/qw4kzc.jpg
Shin Je Min,53,https://i.mydramalist.com/zoQAWc.jpg
Kim Choi Yong Joon,15,https://i.mydramalist.com/Nd0JWc.jpg
Jo In Woo,19,https://i.mydramalist.com/X2njZc.jpg
Kim Min Kyo,43,https://i.mydramalist.com/QK4rgc.jpg
Yang Ik Jun,86,https://i.mydramalist.com/XV3xJ_5c.jpg
Lee Jong Soo,22,https://i.mydramalist.com/1g6Kzc.jpg
Jung Yoo Geun,67,https://i.mydramalist.com/QOX54_5c.jpg
Kwon Oh Jung,53,https://i.mydramalist.com/ONXxPc.jpg
Lee Young Hoon,43,https://i.mydramalist.com/DxV1Dc.jpg
Kim Gun Woo,1,https://i.mydramalist.com/GljOEc.jpg
Kwon Do Kyun,47,https://i.mydramalist.com/qEyBK_5c.jpg
Woo Jung Kook,10,https://i.mydramalist.com/2kX7P_5c.jpg
Oh Dal Soo,73,https://i.mydramalist.com/2nD0d_5c.jpg
Choi Phillip,14,https://i.mydramalist.com/XdQzpc.jpg
Kang Pil Sun,30,https://i.mydramalist.com/xOrXj_5c.jpg
Lee Eon,123,https://i.mydramalist.com/DkO82c.jpg
Shin Sung Woo,88,https://i.mydramalist.com/kVbYrc.jpg
Jun Suk Ho,226,https://i.mydramalist.com/xx3Jq_5c.jpg
Kim Dae Myung,346,https://i.mydramalist.com/xxxlz_5c.jpg
Kim Jeong Tae,45,https://i.mydramalist.com/X1bDw_5c.jpg
Joo Yeon Woo,27,https://i.mydramalist.com/0b6N7c.jpg
Park Geun Hyung,43,https://i.mydramalist.com/BDO46_5c.jpg
Shin Ji Hoon,25,https://i.mydramalist.com/LBERBc.jpg
Jang In Sub,125,https://i.mydramalist.com/pgqpV_5c.jpg
Lee Byung Joon,89,https://i.mydramalist.com/1gyLQc.jpg
Kangnam,81,https://i.mydramalist.com/vXvqrp_5c.jpg
Won Ki Joon,12,https://i.mydramalist.com/eojrnc.jpg
Oh Jong Hyuk,59,https://i.mydramalist.com/R3d8Yc.jpg
Lee Ki Seop,33,https://i.mydramalist.com/BLkxl_5c.jpg
Gu Seung Hyun,33,https://i.mydramalist.com/0pE5rc.jpg
Hong Hyun Taek,42,https://i.mydramalist.com/Q0Z44c.jpg
Jo Dal Hwan,55,https://i.mydramalist.com/WQKRlc.jpg
Baek Jong Min,14,https://i.mydramalist.com/GLNx5c.jpg
Uhm Tae Goo,269,https://i.mydramalist.com/0WYQK_5c.jpg
Park Sang Myun,104,https://i.mydramalist.com/EZDBp_5c.jpg
Lee Jae Kyoon,143,https://i.mydramalist.com/j6jLy_5c.jpg
Ahn Hyung Joon,19,https://i.mydramalist.com/DyVn2c.jpg
Park Jong Chan,1,https://i.mydramalist.com/WPJyXp_5c.jpg
Jung Ho Bin,32,https://i.mydramalist.com/O8vYPc.jpg
Kim Seo Kyung,84,https://i.mydramalist.com/pz7ZV_5c.jpg
Kang  Eui Shik,26,https://i.mydramalist.com/qqXj0c.jpg
Kim Yong Gun,77,https://i.mydramalist.com/6bYzj_5c.jpg
Sung Yoo Bin,89,https://i.mydramalist.com/E12gO_5c.jpg
Choi Il Hwa,62,https://i.mydramalist.com/QlXVv_5c.jpg
Sung Chang Hoon,24,https://i.mydramalist.com/Eyw6O_5c.jpg
Park  Sang Min,24,https://i.mydramalist.com/GPnO3c.jpg
Lee Chang Hoon,7,https://i.mydramalist.com/yEYqdc.jpg
Hong Seok Cheon,134,https://i.mydramalist.com/4DjkQc.jpg
Woo Hyun,216,https://i.mydramalist.com/EEq45_5c.jpg
Song Kang,4922,https://i.mydramalist.com/X5ABJ_5c.jpg
Kim Gi Bang,45,https://i.mydramalist.com/dvmD5c.jpg
B-Bomb,41,https://i.mydramalist.com/RB2Xqo_5c.jpg
Lee Hyung Chul,23,https://i.mydramalist.com/XBAbJ_5c.jpg
Baek Do Bin,11,https://i.mydramalist.com/aeY2pc.jpg
Ryu Sang Wook,25,https://i.mydramalist.com/v5YY2_5c.jpg
Mir,54,https://i.mydramalist.com/wJj1N1_5c.jpg
Ryu Eui Hyun,223,https://i.mydramalist.com/pVjKQ_5c.jpg
Go Hyun,14,https://i.mydramalist.com/YAVloc.jpg
Jang Sung Won,20,https://i.mydramalist.com/nE7Y8c.jpg
Kwon Hae Sung,38,https://i.mydramalist.com/Xe1Bqc.jpg
Seo Dong Won,86,https://i.mydramalist.com/XOvEx_5c.jpg
Lee Yong Joo,28,https://i.mydramalist.com/JkrEoc.jpg
Im Won Hee,191,https://i.mydramalist.com/rNeEKy_5c.jpg
Bang Yong Guk,127,https://i.mydramalist.com/WAjmXc.jpg
Min Jin Woong,236,https://i.mydramalist.com/BbnrAc.jpg
Jung Sang Hoon,193,https://i.mydramalist.com/BwN11c.jpg
Han Ki  Won,43,https://i.mydramalist.com/rqkwyc.jpg
Ahn Jae Mo,15,https://i.mydramalist.com/ZoWvkc.jpg
Gu Hyun Ho,6,https://i.mydramalist.com/2wwgXO_5c.jpg
Seol Woo Hyung,47,https://i.mydramalist.com/nEdqBc.jpg
Jung Moon Sung,276,https://i.mydramalist.com/B1gOl_5c.jpg
Lee Chang Sub,91,https://i.mydramalist.com/4QvxJ_5c.jpg
Shim Hee Sub,131,https://i.mydramalist.com/R375Rc.jpg
Park Jong Hoon,14,https://i.mydramalist.com/QP0jY_5c.jpg
Yoo Jun,633,https://i.mydramalist.com/6Kq2O_5c.jpg
Byun Woo Min,35,https://i.mydramalist.com/R48pR_5c.jpg
Yeo Ho Min,15,https://i.mydramalist.com/Dknwrc.jpg
Bae Jin Woong,7,https://i.mydramalist.com/E2mwQc.jpg
Choi Young Min,18,https://i.mydramalist.com/lynpJc.jpg
Heo Jae Ho,49,https://i.mydramalist.com/Rng7z_5c.jpg
Jang Gi Ha,8,https://i.mydramalist.com/26Wj2_5c.jpg
Kim Soo Oh,153,https://i.mydramalist.com/XOl0J_5c.jpg
Jung Heon,31,https://i.mydramalist.com/dlAeb_5c.jpg
Choi Jung Won,64,https://i.mydramalist.com/Robgz_5c.jpg
Jung Hae Kyun,117,https://i.mydramalist.com/EQJdQ_5c.jpg
Kim Ian,30,https://i.mydramalist.com/50opYc.jpg
Ren,169,https://i.mydramalist.com/ppKl8_5c.jpg
Yang Yo Seob,78,https://i.mydramalist.com/4e12rY_5c.jpg
Jo Bok Rae,87,https://i.mydramalist.com/4rvv1_5c.jpg
Park Jun Gyu,58,https://i.mydramalist.com/dx0K5_5c.jpg
Sun Woo Jae Duk,22,https://i.mydramalist.com/BN82A_5c.jpg
Heo Joon Ho,273,https://i.mydramalist.com/1zb2d_5c.jpg
Kang Da Bin,37,https://i.mydramalist.com/jV1Qrc.jpg
Kwon  Tae Ho,4,https://i.mydramalist.com/G1n6Rc.jpg
Lee Soo Woong,171,https://i.mydramalist.com/vxpkX_5c.jpg
Choi Sung Jae,60,https://i.mydramalist.com/45j5dc.jpg
Justin Chon,80,https://i.mydramalist.com/kvDJOc.jpg
Lee Hoon,14,https://i.mydramalist.com/6Ln1Xc.jpg
Yoon Je Moon,49,https://i.mydramalist.com/0dq7Y_5c.jpg
Kwak Do Won,66,https://i.mydramalist.com/wqvqn_5c.jpg
Lomon,1309,https://i.mydramalist.com/kA0exO_5c.jpg
Lee Do Hyun,52,https://i.mydramalist.com/AEmgqc.jpg
Jo Sung Mok,25,https://i.mydramalist.com/YAnXoc.jpg
Jung Joon Won ,145,https://i.mydramalist.com/XrZqpc.jpg
Feeldog,83,https://i.mydramalist.com/kA0x8O_5c.jpg
Ko Woo Rim,130,https://i.mydramalist.com/2LB0R_5c.jpg
Yoon Da Hoon,14,https://i.mydramalist.com/BZK6A_5c.jpg
Jang Gwang,163,https://i.mydramalist.com/1lyY7_5c.jpg
Im Hyung Joon,19,https://i.mydramalist.com/jQj27w_5c.jpg
Lee Chul Min,79,https://i.mydramalist.com/RdvDY_5c.jpg
Jun Jin,29,https://i.mydramalist.com/wJW2Bn_5c.jpg
Lee Sung Jong,74,https://i.mydramalist.com/vXve8D_5c.jpg
Lee Min Woo,18,https://i.mydramalist.com/pPyYy_5c.jpg
Jo Seung Hyun,42,https://i.mydramalist.com/zBjVec.jpg
Chun Jae Ho,4,https://i.mydramalist.com/RenZYc.jpg
Im Kang Sung,31,https://i.mydramalist.com/1ze73_5c.jpg
Jung Won Joong,36,https://i.mydramalist.com/BE5JR_5c.jpg
Go In Beom,54,https://i.mydramalist.com/XOqkd_5c.jpg
Baek Jong Won,19,https://i.mydramalist.com/1vrqRc.jpg
Choi Min Chul,37,https://i.mydramalist.com/AvLQLc.jpg
Heo Tae Hee,13,https://i.mydramalist.com/Ez5Pz_5c.jpg
K. Will,69,https://i.mydramalist.com/2wQ182_5c.jpg
Bae Sung Woo,143,https://i.mydramalist.com/dAyjWc.jpg
Jang Sung Bum,86,https://i.mydramalist.com/44njkc.jpg
Park Shin Woo,30,https://i.mydramalist.com/xx0AX_5c.jpg
Lee Jung Gil,24,https://i.mydramalist.com/nEEL2c.jpg
Lee Ji Oh,6,https://i.mydramalist.com/9O6ddc.jpg
Choi Jae Hwan,29,https://i.mydramalist.com/BgWdl_5c.jpg
Kim  Gyu Chul,15,https://i.mydramalist.com/rmynpc.jpg
Son Ji Chang,1,https://i.mydramalist.com/1w7kRc.jpg
Noh Tae Yeob,35,https://i.mydramalist.com/E2PZ5c.jpg
Yoo Ha Joon,38,https://i.mydramalist.com/Arm5Zc.jpg
Ahn Se Ha,144,https://i.mydramalist.com/XODjZ_5c.jpg
Jung Ji Hoon,131,https://i.mydramalist.com/eWZDW_5c.jpg
Ki Hyun,297,https://i.mydramalist.com/2xOdWc.jpg
Kim Young Joon,8,https://i.mydramalist.com/VBngmc.jpg
Hong Kyung Min,25,https://i.mydramalist.com/RBYKJV_5c.jpg
Kim Seung Wook,24,https://i.mydramalist.com/pz88V_5c.jpg
Kim Byung Se,18,https://i.mydramalist.com/g2lXPc.jpg
Kwon Hyuk Soo,43,https://i.mydramalist.com/BDXeV_5c.jpg
Lee Ho,15,https://i.mydramalist.com/K7PmRc.jpg
Lee Jae Woo,40,https://i.mydramalist.com/eoJnqc.jpg
Kim Jae Seung,24,https://i.mydramalist.com/GqY4zc.jpg
Hwang Ji Hoo,3,https://i.mydramalist.com/wOqdAc.jpg
Son Ho Young,15,https://i.mydramalist.com/B3YgAc.jpg
Choi Kwon,18,https://i.mydramalist.com/eWEye_5c.jpg
Jang Seo Won,37,https://i.mydramalist.com/MB0Y1c.jpg
Jeon Shin Hwan,35,https://i.mydramalist.com/72bdec.jpg
Kim Eung Soo,83,https://i.mydramalist.com/xxXKN_5c.jpg
Tae Hang Ho,120,https://i.mydramalist.com/pV1QB_5c.jpg
Cha Seung Joon,11,https://i.mydramalist.com/anXqNc.jpg
Choi Dong Goo,43,https://i.mydramalist.com/ONpPPc.jpg
Kang Kyun Sung,19,https://i.mydramalist.com/wnn5pc.jpg
Dong Woo,68,https://i.mydramalist.com/eYw8KQ_5c.jpg
Bu Bae,66,https://i.mydramalist.com/E4O70_5c.jpg
Lee Jung,3,https://i.mydramalist.com/eomOnc.jpg
Go Gyu Pil,233,https://i.mydramalist.com/BLW41_5c.jpg
Baek Hyun,19,https://i.mydramalist.com/WnVmPc.jpg
Shin Ji Ho,22,https://i.mydramalist.com/ByneR_5c.jpg
Lee Byung Wook,5,https://i.mydramalist.com/2WlqO_5c.jpg
Kim Byung Chun,27,https://i.mydramalist.com/ZqYOq_5c.jpg
Shin Jung Keun,151,https://i.mydramalist.com/wwnNNc.jpg
Jung Eun Pyo,61,https://i.mydramalist.com/pm18b_5c.jpg
Eun Won Jae,4,https://i.mydramalist.com/9OBpPc.jpg
Andy,38,https://i.mydramalist.com/VX20Oc.jpg
Kim Hyun Sung,8,https://i.mydramalist.com/aVBwQc.jpg
Baek Seung Hyun,14,https://i.mydramalist.com/Xb0Vnc.jpg
Kang Han Byul,10,https://i.mydramalist.com/1wd1d3_5c.jpg
Kim Won Joon,36,https://i.mydramalist.com/R0N1zc.jpg
Kim Dan Yool,31,https://i.mydramalist.com/rkdrpc.jpg
Kim Ho Jin,6,https://i.mydramalist.com/Zo7Zqc.jpg
Jo Yi Hyun,28,https://i.mydramalist.com/kLm3k_5c.jpg
Kwon Young Min,17,https://i.mydramalist.com/4q6V1_5c.jpg
Park In Hwan,167,https://i.mydramalist.com/XrQ8Jc.jpg
Gong Hyung Jin,23,https://i.mydramalist.com/xYWRjc.jpg
Baek  Yoon Shik,36,https://i.mydramalist.com/XBEwg_5c.jpg
Oh Seung Hoon,444,https://i.mydramalist.com/WzXp3_5c.jpg
Kim Hyung Beom,13,https://i.mydramalist.com/rzPo2_5c.jpg
Jo Hwi Joon,15,https://i.mydramalist.com/JppXdc.jpg
Yoon Jong Hwa,23,https://i.mydramalist.com/wKWrJc.jpg
Kim  Ji Soo,6,https://i.mydramalist.com/MBrAzc.jpg
Ji Seung Hyun,316,https://i.mydramalist.com/EVgnW_5c.jpg
Kim Jong Hoon,172,https://i.mydramalist.com/BxOO5c.jpg
Go Nak Hyun,9,https://i.mydramalist.com/73g3Nc.jpg
Kim Min Ki,11,https://i.mydramalist.com/Bg3ob_5c.jpg
Choi Jae Woong,64,https://i.mydramalist.com/vmnZe_5c.jpg
Oh Eui Shik,272,https://i.mydramalist.com/pjDZrc.jpg
Choi Jae Sung,34,https://i.mydramalist.com/4qK2Q_5c.jpg
Kim Kwang  Soo,14,https://i.mydramalist.com/eR1XYc.jpg
Kim In Seong,213,https://i.mydramalist.com/1lJzy_5c.jpg
Ahn Sung Ki,40,https://i.mydramalist.com/XB23d_5c.jpg
Sung Ji Ru,102,https://i.mydramalist.com/jb8Yb_5c.jpg
Kang  Suk Woo,25,https://i.mydramalist.com/0wjJkc.jpg
Yoon Seo Hyun,27,https://i.mydramalist.com/e3PDnc.jpg
Kim Hee Joon,5,https://i.mydramalist.com/yW73Nc.jpg
Heo Dong Won,42,https://i.mydramalist.com/0gk2O_5c.jpg
Yoo Seung Mok,45,https://i.mydramalist.com/wN02Y_5c.jpg
Gong Jung Hwan,47,https://i.mydramalist.com/E37em_5c.jpg
Lee Jae Ryong,9,https://i.mydramalist.com/p0ZvBc.jpg
Jang Yong,19,https://i.mydramalist.com/NdQ2yc.jpg
Jung Sung Hwa,10,https://i.mydramalist.com/646JXc.jpg
Lee Dae Yeon,55,https://i.mydramalist.com/EDVApc.jpg
Jang Won Young,42,https://i.mydramalist.com/pPylE_5c.jpg
Kim Sun Hyuk,78,https://i.mydramalist.com/jAB78c.jpg
Bae Gun Woo,13,https://i.mydramalist.com/45oL6c.jpg
Park Byung Eun,378,https://i.mydramalist.com/jxgWB_5c.jpg
Choi Byung Mo,77,https://i.mydramalist.com/R3L1Ec.jpg
Ahn Jae Min,6,https://i.mydramalist.com/j4jerc.jpg
Je Dong Hwa,2,https://i.mydramalist.com/q28Jdc.jpg
Shin Min Chul,12,https://i.mydramalist.com/Z1z6Yc.jpg
Juno,17,https://i.mydramalist.com/m0ePJc.jpg
Han Ji Hoo,13,https://i.mydramalist.com/anEDxc.jpg
Lee  Seung Ho ,36,https://i.mydramalist.com/yWYx6c.jpg
Shin Seung Hwan,43,https://i.mydramalist.com/oERJxc.jpg
Jung Suk Yong,145,https://i.mydramalist.com/j2rBOc.jpg
Han Ye Joon,16,https://i.mydramalist.com/5mvd0c.jpg
Shin Soo Hyun,15,https://i.mydramalist.com/jQjWJb_5c.jpg
Sul Sung Min,3,https://i.mydramalist.com/lBN1xc.jpg
Jo Yeon Ho,65,https://i.mydramalist.com/dPNjb_5c.jpg
Sandeul,69,https://i.mydramalist.com/x4vAxy_5c.jpg
Kim Hyo Seok,10,https://i.mydramalist.com/d0OwbK_5c.jpg
Yeom Hyun Joon,4,https://i.mydramalist.com/rwpoZ_5c.jpg
Kim Byung Man,33,https://i.mydramalist.com/Z8z1NW_5c.jpg
Nam Myung Ryul,41,https://i.mydramalist.com/4rYJZ_5c.jpg
Joohoney,321,https://i.mydramalist.com/BdrbNA_5c.jpg
Lee Shin Sung,16,https://i.mydramalist.com/x2KeEc.jpg
Oh Hee Joon,92,https://i.mydramalist.com/qbZeKc.jpg
Heo Jun Seok,52,https://i.mydramalist.com/XdR1dc.jpg
Jeon Hyun Soo,5,https://i.mydramalist.com/8xP4Dc.jpg
Go Yoon Hoo,5,https://i.mydramalist.com/ZWzRk_5c.jpg
Jung Yoo Ahn,107,https://i.mydramalist.com/rgLnD_5c.jpg
Hwang Joo Won,18,https://i.mydramalist.com/Xdxdqc.jpg
Kim Dong Gyun,12,https://i.mydramalist.com/Y0jlAc.jpg
Son Byung Ho,49,https://i.mydramalist.com/BDbpl_5c.jpg
Shin Goo,50,https://i.mydramalist.com/exVee_5c.jpg
Lee Jeong Min,19,https://i.mydramalist.com/GNOXvc.jpg
Jung Kyu Soo,57,https://i.mydramalist.com/2Rl2w_5c.jpg
Han Ji Sang,18,https://i.mydramalist.com/OxLJYc.jpg
Kim Roe Ha,48,https://i.mydramalist.com/p7oArc.jpg
PSY,47,https://i.mydramalist.com/X7Rpx_5c.jpg
Cho Byeong Kyu,1439,https://i.mydramalist.com/XNAxO_5c.jpg
Heo Ji Woong,14,https://i.mydramalist.com/xgqxEc.jpg
Kwon Hwa Woon,409,https://i.mydramalist.com/QQKnQ_5c.jpg
Yoo Byung Jae,41,https://i.mydramalist.com/pOObVc.jpg
Cha Bo Sung,62,https://i.mydramalist.com/rRKAmc.jpg
Ji Suk Jin,100,https://i.mydramalist.com/jQjAOw_5c.jpg
Gree,13,https://i.mydramalist.com/Z4Ao7c.jpg
Yoon Yong Hyun,16,https://i.mydramalist.com/qbOb0c.jpg
Kim Sa Kwon,81,https://i.mydramalist.com/XpxAw_5c.jpg
Jang Tae Hoon,19,https://i.mydramalist.com/EwWo0_5c.jpg
Jo Jae Ryong,30,https://i.mydramalist.com/wNry1_5c.jpg
Yang Joo Ho,34,https://i.mydramalist.com/ZBlKk_5c.jpg
Yang Han Yeol,34,https://i.mydramalist.com/E3Wob_5c.jpg
Tony Ahn,40,https://i.mydramalist.com/dK6qd_5c.jpg
Park Sung Hoon,811,https://i.mydramalist.com/1xgAQ_5c.jpg
Song Sae Byuk,135,https://i.mydramalist.com/QXBL5c.jpg
Choi Kwon Soo,26,https://i.mydramalist.com/WeJZO_5c.jpg
Gil Yong Woo,18,https://i.mydramalist.com/L2bRLc.jpg
Kim Jun Ho,35,https://i.mydramalist.com/rNe0Wy_5c.jpg
Lee Hyung Suk,14,https://i.mydramalist.com/dlnOb_5c.jpg
Shin Won Ho,87,https://i.mydramalist.com/Qb04Y_5c.jpg
Choi Jong Won,21,https://i.mydramalist.com/xxVpq_5c.jpg
Kim Young Choon,23,https://i.mydramalist.com/rb2Rgc.jpg
Choi Ji Ho,30,https://i.mydramalist.com/E5p7zc.jpg
CNU,57,https://i.mydramalist.com/60rrEg_5c.jpg
Choi Won Joon,3,https://i.mydramalist.com/zvyXPc.jpg
Choi Bool Am,30,https://i.mydramalist.com/p15wE_5c.jpg
Chang Min,30,https://i.mydramalist.com/1gzK7c.jpg
Ahn Jung Hoon,9,https://i.mydramalist.com/rz50N_5c.jpg
Kim Dong Young,92,https://i.mydramalist.com/Xx2NO_5c.jpg
Jung Dong Hyun,4,https://i.mydramalist.com/4kKwKc.jpg
Min Chan Ki,29,https://i.mydramalist.com/EYAW7c.jpg
Lee Seung Hyung,31,https://i.mydramalist.com/RB5pVc.jpg
Shin Ki Joon,40,https://i.mydramalist.com/wnpLNc.jpg
Yoon Jung Il,51,https://i.mydramalist.com/X4mBXc.jpg
Park Hae Soo,894,https://i.mydramalist.com/4WAbd_5c.jpg
Shin Joo Hwan,62,https://i.mydramalist.com/rx3jZc.jpg
Lee In,7,https://i.mydramalist.com/Rdmdz_5c.jpg
Yang Seung Pil,16,https://i.mydramalist.com/45x5Zc.jpg
Nam Seung Woo,20,https://i.mydramalist.com/B2vzbc.jpg
Son Beom Joon,15,https://i.mydramalist.com/Ek70mc.jpg
Kim Hak Jin,1,https://i.mydramalist.com/3vPwRc.jpg
Kim Gi Cheon,118,https://i.mydramalist.com/2Adkw_5c.jpg
Jung Woo Shik,11,https://i.mydramalist.com/y6oQBc.jpg
Heo Jung Do,53,https://i.mydramalist.com/rZ7Oy_5c.jpg
Park Young Soo,40,https://i.mydramalist.com/ZqP8O_5c.jpg
Jang Hee Woong,14,https://i.mydramalist.com/xgLnzc.jpg
Park Jung Hak,31,https://i.mydramalist.com/4pvD6c.jpg
Kang Soo Han,10,https://i.mydramalist.com/XEvgx_5c.jpg
Lee Gi Young,73,https://i.mydramalist.com/Qlpw2_5c.jpg
Kim Sung  Je,22,https://i.mydramalist.com/kE18gc.jpg
Im Hyun Shik,26,https://i.mydramalist.com/RQKLo_5c.jpg
Yeon Je Wook,40,https://i.mydramalist.com/ZBpqL_5c.jpg
Song Yong Jin,18,https://i.mydramalist.com/XmOzx_5c.jpg
Ravi,146,https://i.mydramalist.com/BdrgY6_5c.jpg
Cha Kwang Soo,13,https://i.mydramalist.com/RR0LV_5c.jpg
Park Sang Wook,14,https://i.mydramalist.com/VKrKzc.jpg
Kang Han Saem,16,https://i.mydramalist.com/prZwb_5c.jpg
Kim Seung Pil,2,https://i.mydramalist.com/JBxkmc.jpg
Jung Sung Mo,14,https://i.mydramalist.com/nKzOEc.jpg
Jung Joon,7,https://i.mydramalist.com/B3E85c.jpg
Yoon Yong Joon,26,https://i.mydramalist.com/Z318jc.jpg
Choi Sang Hoon,5,https://i.mydramalist.com/QlmqW_5c.jpg
Kim Chung Soon,1,https://i.mydramalist.com/5QZkec.jpg
Kim Hyun Bin,66,https://i.mydramalist.com/XEn6J_5c.jpg
Yang Young Jo,1,https://i.mydramalist.com/qqK00c.jpg
Kim Young Min,383,https://i.mydramalist.com/pgZJV_5c.jpg
Ajoo,9,https://i.mydramalist.com/gO16vc.jpg
Lee Jung Hoon,1,https://i.mydramalist.com/rqYyyc.jpg
Son Seong Jun,26,https://i.mydramalist.com/ZeDx8_5c.jpg
Cha Hyun Woo,4,https://i.mydramalist.com/WrEjRc.jpg
Nam Kyung Eup,45,https://i.mydramalist.com/kOjLOc.jpg
